,name,id,minutes,n_steps,ingredients,calories,fat_amount,sodium_amount,protein_amount,sugar_amount,saturated_fat,carbohydrates,cuisine
0,garlic lemon lamb sauce,65212,15,4,"['oil', 'garlic', 'lemon juice concentrate', 'salt']",496.8,83.0,1.0,1.0,1.0,35.0,1.0,-
1,hummus  hummous  a delicious recipe either way,316892,5,4,"['chickpea', 'lemon juice concentrate', 'garlic', 'oil', 'tahini sesame butter', 'paprika', 'salt']",590.8,56.0,3.0,30.0,27.0,25.0,18.0,-
2,lebanese garlic sauce,252169,30,5,"['garlic', 'lemon juice concentrate', 'salt', 'oil']",192.1,31.0,1.0,3.0,1.0,13.0,1.0,-
3,lemon chicken marinade,154928,5,4,"['oil', 'lemon juice concentrate', 'salt', 'paprika', 'onion powder', 'leaf basil', 'thyme sprigs', 'garlic']",330.4,56.0,2.0,32.0,0.0,23.0,0.0,-
4,lemon herb marinade,106832,125,5,"['oil', 'lemon juice concentrate', 'salt', 'leaf basil', 'thyme sprigs', 'garlic', 'paprika']",258.3,41.0,5.0,0.0,1.0,18.0,1.0,-
5,chicken tomato mozzarella bake,133641,90,9,"['chicken breast', 'egg', 'seasoning salt', 'pepper', 'cayenne pepper', 'garlic', 'breadcrumb', 'parmesan cheese', 'oil', 'tomato sauce', 'durkee onion', 'mozzarella cheese']",1017.6,54.0,49.0,89.0,195.0,86.0,24.0,-
6,emeril s meatball soup,331321,70,16,"['oil', 'durkee onion', 'celery seed', 'garlic', 'tomato', 'tomato paste', 'beef broth', 'seasoning salt', 'salt', 'ground beef', 'ground pork', 'egg', 'parmesan cheese', 'breadcrumb', 'ditalini', 'spinach leave', 'basil leave']",1073.0,101.0,47.0,94.0,137.0,116.0,16.0,-
7,kittencal s italian melt in your mouth meatballs,69173,50,5,"['ground beef', 'egg', 'parmesan cheese', 'breadcrumb', 'garlic', 'salt', 'pepper', 'milk', 'oregano', 'leaf parsley']",1312.6,129.0,8.0,108.0,214.0,174.0,8.0,-
8,meat ralf  makeover,185520,80,12,"['ground beef', 'sausage meat', 'breadcrumb', 'cream', 'egg', 'tomato sauce', 'durkee onion', 'garlic', 'sauce', 'salt', 'cayenne pepper']",955.7,104.0,17.0,91.0,112.0,132.0,9.0,-
9,zesty meatballs,266744,405,11,"['egg', 'salt', 'seasoning salt', 'pepper flake', 'garlic', 'durkee onion', 'ground beef', 'turkey breast', 'breadcrumb', 'parmesan cheese', 'tomato sauce', 'wine vinegar']",375.8,31.0,16.0,36.0,65.0,37.0,4.0,-
10,baked country style steak,111824,135,5,"['cube steak', 'mushroom soup', 'kitchen bouquet', 'wheat flour', 'water', 'durkee onion', 'oil']",57.6,4.0,5.0,13.0,2.0,3.0,2.0,-
11,basic pasta dough  no egg,360234,120,7,"['wheat flour', 'water', 'oil']",400.9,11.0,1.0,0.0,19.0,5.0,23.0,-
12,country style steak and gravy,91337,210,13,"['cube steak', 'wheat flour', 'pepper', 'beef bouillon granule', 'water']",133.1,10.0,0.0,1.0,32.0,13.0,0.0,-
13,pressure cooker pork with tarragon gravy,348800,40,9,"['mustard', 'durkee onion', 'oil', 'pepper', 'pork loin chop', 'water', 'wheat flour']",278.2,20.0,3.0,8.0,67.0,20.0,1.0,-
14,tatale   ghanian plantain cakes,225458,30,6,"['banana chip', 'durkee onion', 'wheat flour', 'palm oil', 'pepper', 'oil']",12.7,0.0,4.0,0.0,0.0,0.0,0.0,-
15,deliciously simple banana bread,430478,25,2,"['wheat flour', 'sugar', 'baking soda', 'salt', 'banana', 'applesauce', 'egg']",101.9,0.0,43.0,6.0,3.0,0.0,7.0,-
16,healthier chocolate banana muffins,315513,30,5,"['wheat flour', 'sugar', 'baking cocoa', 'baking soda', 'salt', 'baking powder', 'banana', 'applesauce', 'egg', 'chocolate chip cookie']",182.8,6.0,85.0,8.0,6.0,12.0,12.0,-
17,low fat  but you wouldn t know it  banana bread,350623,75,10,"['sugar', 'applesauce', 'egg', 'banana', 'purpose flour', 'wheat flour', 'baking soda', 'salt', 'baking powder']",89.0,1.0,35.0,5.0,4.0,0.0,6.0,-
18,no fat banana applesauce muffins,321760,35,7,"['wheat flour', 'sugar', 'baking powder', 'baking soda', 'cinnamon', 'nutmeg', 'salt', 'egg', 'banana', 'applesauce']",130.7,1.0,39.0,8.0,6.0,1.0,9.0,-
19,whole wheat banana muffins,245960,35,6,"['banana', 'egg', 'butter', 'applesauce', 'sugar', 'sugar', 'wheat flour', 'wheat flour', 'baking soda', 'baking powder', 'salt']",246.5,8.0,84.0,12.0,9.0,15.0,15.0,-
20,ancient egyptian chicken,311031,480,14,"['chicken meat', 'oil', 'cumin', 'coriander', 'durkee onion', 'garlic', 'cayenne pepper', 'beer', 'pepper']",1042.8,124.0,5.0,9.0,117.0,94.0,3.0,-
21,cheesy white chicken chili,393460,140,10,"['oil', 'durkee onion', 'garlic', 'chily', 'chicken meat', 'cumin', 'oregano', 'cayenne pepper', 'bean', 'chicken broth', 'jack cheese', 'salt', 'pepper', 'cream']",503.3,32.0,13.0,35.0,87.0,50.0,11.0,-
22,chilled tomatillo yogurt soup,385104,30,8,"['oil', 'durkee onion', 'tomatillo', 'garlic', 'poblano chile', 'avocado', 'chicken broth', 'cumin', 'ground cilantro', 'yogurt', 'pepper']",317.1,32.0,45.0,29.0,23.0,18.0,8.0,-
23,chunky chicken white chili,223314,30,10,"['olive oil', 'chicken breast', 'durkee onion', 'pepper', 'garlic', 'cumin', 'cayenne pepper', 'ground cilantro', 'chicken broth', 'kidney bean', 'salt', 'cheddar cheese']",514.7,18.0,23.0,39.0,124.0,11.0,12.0,-
24,spanish rice with beef,256201,55,10,"['ground beef', 'durkee onion', 'garlic', 'pepper', 'adobo', 'cumin', 'cayenne pepper', 'paprika', 'ground cilantro', 'pepper', 'salt', 'basmati rice', 'tomato sauce', 'chily', 'chicken broth']",827.1,46.0,33.0,102.0,93.0,55.0,30.0,-
25,brioches,109024,55,6,"['yeast', 'water', 'wheat bread flour', 'sugar', 'salt', 'butter', 'egg']",189.6,19.0,2.0,8.0,7.0,38.0,4.0,-
26,dinner rolls  bread machine,240353,125,8,"['egg', 'water', 'wheat bread flour', 'butter', 'salt', 'sugar', 'yeast']",158.9,12.0,8.0,6.0,5.0,25.0,6.0,-
27,holiday dinner rolls  bread machine,209800,12,8,"['water', 'egg', 'butter', 'salt', 'wheat bread flour', 'sugar', 'yeast', 'egg']",104.4,4.0,8.0,5.0,6.0,7.0,5.0,-
28,incredible soft dinner rolls  abm,107317,22,12,"['water', 'butter', 'egg', 'wheat bread flour', 'sugar', 'salt', 'yeast']",99.3,2.0,10.0,5.0,5.0,4.0,6.0,-
29,liisa s dinner rolls  abm,69753,35,6,"['water', 'egg', 'sugar', 'butter', 'milk', 'salt', 'wheat bread flour', 'yeast']",142.6,3.0,14.0,5.0,7.0,6.0,8.0,-
30,berry s chicken,91294,65,5,"['chicken breast', 'egg', 'barbecue potato chip']",148.2,4.0,0.0,3.0,57.0,3.0,0.0,-
31,busy day chicken and rice,158659,365,4,"['chicken breast', 'chicken soup', 'mushroom soup', 'chicken rice- a-roni']",375.2,17.0,0.0,41.0,56.0,16.0,12.0,-
32,duane s egg hole in one,267267,10,6,"['bread', 'margarine', 'egg']",239.4,26.0,5.0,13.0,16.0,20.0,4.0,-
33,smooshed eggs,343411,11,9,"['egg', 'bread', 'margarine', 'pepper']",276.0,17.0,10.0,16.0,32.0,17.0,8.0,-
34,sunshine toast in the oven,148399,12,7,"['bread', 'margarine', 'egg']",148.4,10.0,5.0,10.0,16.0,9.0,4.0,-
35,baked fudge,38992,60,10,"['egg', 'sugar', 'wheat flour', 'cocoa powder', 'butter', 'vanilla', 'salt', 'pistachio']",3432.8,323.0,1213.0,90.0,83.0,631.0,124.0,-
36,cardamom cookies recipe   india,482294,15,8,"['butter', 'sugar', 'cardamom', 'egg', 'wheat flour', 'salt']",4384.0,316.0,1603.0,176.0,106.0,616.0,198.0,-
37,cinnamon roll swirl cake,498315,45,8,"['wheat flour', 'salt', 'sugar', 'baking powder', 'milk', 'egg', 'vanilla', 'butter', 'sugar', 'cinnamon', 'sugar']",6917.1,470.0,2605.0,204.0,142.0,943.0,331.0,-
38,m m and chocolate chews,409,50,5,"['butter', 'egg', 'sugar', 'vanilla', 'wheat flour', 'baking soda', 'chocolate chip cookie', 'm&m', 'cocoa', 'salt']",6541.0,522.0,2506.0,181.0,122.0,1040.0,286.0,-
39,snickerdoodle bread,485772,60,9,"['wheat flour', 'baking powder', 'salt', 'cinnamon', 'butter', 'sugar', 'egg', 'vanilla', 'cream', 'cinnamon baking chip']",4887.9,362.0,1629.0,146.0,113.0,708.0,216.0,-
40,gobi ki sabzi  dry cauliflower curry,483067,25,11,"['head cauliflower', 'oil', 'cumin', 'asafoetida powder', 'durkee onion', 'ginger paste', 'garlic', 'chili powder', 'powder', 'tomato', 'salt', 'cilantro leave', 'garam masala']",135.7,11.0,27.0,26.0,8.0,5.0,5.0,['indian']
41,saag paneer  panir    indian spinach and cheese,380617,30,4,"['durkee onion', 'garlic', 'ground ginger', 'garam masala', 'coriander', 'cumin', 'chili powder', 'tomato', 'spinach', 'panir', 'yogurt', 'salt']",103.2,5.0,26.0,5.0,13.0,9.0,4.0,['indian']
42,chickpeas with spinach,160898,20,10,"['yogurt', 'garlic', 'mint', 'salt', 'durkee onion', 'oil', 'bell pepper', 'coriander', 'cumin', 'chickpea', 'spinach', 'pepper', 'orzo pasta']",221.4,8.0,18.0,18.0,19.0,6.0,11.0,-
43,potato and chickpea chili,335188,25,5,"['oil', 'potato', 'durkee onion', 'garlic', 'chili powder', 'cumin', 'pepper flake', 'tomato', 'chickpea']",245.3,7.0,22.0,25.0,16.0,3.0,15.0,-
44,punjabi kadhi,255961,110,19,"['besan', 'cumin', 'durkee onion', 'chili pepper', 'turmeric', 'potato', 'chili powder', 'oil', 'yogurt', 'water', 'vegetable oil', 'durkee onion', 'garlic', 'ginger paste', 'tomato', 'powder', 'cumin powder', 'salt']",333.4,24.0,40.0,2.0,19.0,12.0,13.0,-
45,most chocolatey chocolate cake,489101,55,19,"['sugar', 'wheat flour', 'cocoa', 'baking powder', 'baking soda', 'salt', 'egg', 'milk', 'vegetable oil', 'vanilla extract', 'water', 'butter', 'sugar']",636.6,36.0,301.0,24.0,13.0,41.0,33.0,['french']
46,chocolate dumplings,21719,35,11,"['sugar', 'cocoa', 'cornstarch', 'salt', 'vanilla', 'water', 'butter', 'wheat flour', 'sugar', 'baking powder', 'egg', 'milk']",315.5,7.0,174.0,24.0,8.0,13.0,21.0,-
47,gluten free sugar cookies,445208,40,16,"['wheat flour', 'salt', 'baking powder', 'butter', 'sugar', 'egg', 'milk', 'vanilla extract', 'almond extract']",563.0,50.0,267.0,11.0,5.0,100.0,22.0,-
48,golden vanilla pound cake   king arthur flour,324403,75,20,"['butter', 'cheese', 'salt', 'sugar', 'baking powder', 'vanilla extract', 'almond extract', 'egg', 'wheat flour', 'water']",236.2,18.0,73.0,4.0,7.0,35.0,9.0,-
49,maple berry pudding cake,288369,55,13,"['wheat flour', 'baking powder', 'salt', 'sugar', 'milk', 'amber maple syrup', 'egg', 'vanilla extract', 'maple flavoring', 'butter', 'berry', 'cornstarch', 'cinnamon', 'water']",302.7,9.0,167.0,7.0,7.0,17.0,20.0,-
50,amish apple crisp,29939,60,7,"['apple', 'sugar', 'cinnamon', 'wheat flour', 'baking powder', 'salt', 'egg', 'butter']",549.6,26.0,261.0,22.0,11.0,51.0,32.0,"['american', 'german']"
51,easy apple kuchen,170196,55,9,"['wheat flour', 'baking powder', 'salt', 'butter', 'sugar', 'egg', 'vanilla', 'milk', 'apple', 'cinnamon']",253.4,11.0,97.0,10.0,7.0,21.0,14.0,['german']
52,german apple cake tart,207475,70,8,"['butter', 'baking powder', 'salt', 'wheat flour', 'egg', 'milk', 'apple', 'sugar', 'cinnamon']",405.7,28.0,125.0,16.0,9.0,55.0,19.0,['german']
53,rosalia s apple coffee cake,42340,40,10,"['wheat flour', 'baking powder', 'salt', 'sugar', 'butter', 'egg', 'milk', 'apple', 'cinnamon', 'sugar']",301.3,16.0,81.0,13.0,10.0,31.0,15.0,['german']
54,evans farm inn apple crisp,70015,60,7,"['apple', 'cinnamon', 'sugar', 'wheat flour', 'butter', 'baking powder', 'salt', 'egg']",487.3,8.0,343.0,8.0,8.0,13.0,36.0,-
55,hammy hash brown packets,414227,40,9,"['hash brown', 'pepper', 'durkee onion', 'ham', 'cheddar cheese', 'buttermilk ranch dress']",413.4,36.0,7.0,56.0,34.0,27.0,10.0,['american']
56,bisquick breakfast bake,216612,30,8,"['ham', 'durkee onion', 'broccoli', 'hash brown', 'cheddar cheese', 'mix', 'milk', 'egg substitute']",251.7,15.0,11.0,12.0,33.0,21.0,8.0,-
57,country breakfast scramble,140207,35,5,"['hash brown', 'ham', 'durkee onion', 'egg', 'pepper', 'cheddar cheese', 'chive']",494.7,48.0,11.0,13.0,56.0,69.0,8.0,-
58,open faced omelet,43501,60,11,"['broccoli floret', 'pepper', 'durkee onion', 'ham', 'potato', 'egg substitute', 'pepper', 'cheddar cheese']",126.8,8.0,2.0,25.0,22.0,13.0,2.0,-
59,ww 3 points   impossibly easy breakfast casserole,130798,50,15,"['ham', 'durkee onion', 'pepper', 'hash brown', 'cheddar cheese', 'baking mix', 'milk', 'egg substitute', 'pepper']",278.7,24.0,4.0,13.0,32.0,30.0,5.0,-
60,apple bread,254578,65,6,"['margarine', 'sugar', 'egg', 'buttermilk', 'wheat flour', 'salt', 'apple', 'sugar', 'walnut', 'cinnamon']",3488.7,234.0,1077.0,117.0,94.0,134.0,165.0,-
61,brenda s carrot cake,148904,75,6,"['sugar', 'egg', 'baking powder', 'cinnamon', 'baby carrot', 'walnut', 'corn oil', 'wheat flour', 'baking soda', 'salt', 'raisin']",5345.3,452.0,1518.0,190.0,134.0,194.0,213.0,-
62,christmas cherry nut bread,399533,75,7,"['wheat flour', 'buttermilk', 'maraschino cherry', 'sugar', 'sugar', 'butter', 'egg', 'baking powder', 'baking soda', 'salt', 'walnut', 'maraschino cherry']",3362.6,210.0,890.0,155.0,142.0,206.0,159.0,-
63,irish soda bread,81531,70,3,"['wheat flour', 'sugar', 'baking soda', 'baking powder', 'salt', 'egg', 'butter', 'raisin', 'buttermilk']",3679.6,163.0,900.0,216.0,150.0,316.0,202.0,-
64,polish applesauce cake,382527,55,8,"['butter', 'sugar', 'vanilla', 'egg', 'wheat flour', 'baking powder', 'baking soda', 'applesauce', 'salt', 'cinnamon', 'sugar', 'walnut']",4371.5,256.0,1660.0,164.0,98.0,400.0,231.0,-
65,julie s club crackers   almonds,135002,25,8,"['almond', 'butter', 'margarine', 'sugar', 'club cracker']",1431.9,189.0,278.0,44.0,28.0,197.0,26.0,-
66,light cream cheese cornbread,459087,50,4,"['cheese', 'egg', 'corn', 'corn muffin mix', 'butter', 'sugar']",2525.0,177.0,569.0,125.0,117.0,267.0,110.0,-
67,love and dishes cornbread,66311,65,4,"['butter', 'corn', 'corn', 'egg', 'corn muffin mix']",2390.0,208.0,259.0,175.0,84.0,347.0,89.0,-
68,mars bars,27435,6,6,"['butter', 'bar', 'rice bubble']",1616.9,160.0,341.0,62.0,35.0,274.0,53.0,-
69,swedish hard candy,79359,40,6,"['sugar', 'corn syrup', 'butter', 'half', 'almond']",2274.1,166.0,786.0,30.0,52.0,205.0,109.0,-
70,doreen s dinner rolls,302731,132,10,"['yeast', 'water', 'sugar', 'milk', 'egg', 'butter', 'salt', 'wheat flour']",428.9,16.0,34.0,20.0,22.0,30.0,23.0,['american']
71,fluffy butter dinner rolls,335784,120,12,"['yeast', 'water', 'sugar', 'egg', 'butter', 'wheat flour', 'milk', 'salt']",247.1,10.0,28.0,7.0,12.0,20.0,13.0,['american']
72,batter rolls,87408,75,11,"['milk', 'sugar', 'salt', 'butter', 'water', 'yeast', 'egg', 'wheat flour']",101.1,4.0,8.0,4.0,5.0,7.0,5.0,-
73,gwen s butter rich dinner rolls,104703,195,10,"['yeast', 'water', 'sugar', 'butter', 'salt', 'milk', 'egg', 'wheat flour']",166.3,6.0,11.0,12.0,9.0,10.0,9.0,-
74,thanksgiving for 10  mom s rolls,14641,130,11,"['yeast', 'water', 'sugar', 'milk', 'butter', 'egg', 'wheat flour', 'salt']",114.4,4.0,8.0,1.0,6.0,8.0,6.0,-
75,amazing thin crust pizza,123710,130,31,"['wheat bread flour', 'yeast', 'salt', 'oil', 'water', 'tomato', 'garlic', 'oregano', 'ground fennel', 'pepper', 'pizza dough', 'leaf basil', 'mozzarella cheese', 'gouda cheese', 'tomato sauce', 'sausage', 'cheddar cheese']",213.9,18.0,10.0,23.0,20.0,27.0,5.0,-
76,dad s friday night pizza,288492,30,18,"['wheat flour', 'water', 'oil', 'sugar', 'yeast', 'tomato sauce', 'oregano', 'leaf parsley', 'leaf basil', 'garlic', 'mozzarella cheese']",249.9,17.0,10.0,17.0,25.0,29.0,8.0,-
77,kelly s saturday night  pizza,102554,125,17,"['yeast', 'water', 'sugar', 'oil', 'wheat flour', 'salt', 'pepper', 'garlic', 'onion powder', 'oregano', 'tomato', 'tomato paste']",1387.2,47.0,78.0,62.0,69.0,21.0,81.0,-
78,kittencal s four cheese  lasagna,272423,1480,31,"['lasagna noodle', 'mozzarella cheese', 'parmesan cheese', 'sausage', 'pepper flake', 'durkee onion', 'garlic', 'leaf basil', 'oregano', 'tomato paste', 'tomato', 'tomato sauce', 'water', 'seasoning salt', 'pepper', 'sugar', 'oil', 'seasoning salt', 'ricotta cheese', 'cheese', 'egg']",776.4,71.0,51.0,75.0,85.0,117.0,16.0,-
79,white pizza n e penna  style,183570,225,33,"['wheat bread flour', 'salt', 'sugar', 'yeast', 'water', 'oregano', 'cheese', 'mozzarella cheese', 'cheese', 'rosemary sprigs', 'pepper', 'oil']",371.9,33.0,4.0,31.0,41.0,63.0,7.0,-
80,cobly or monteray jack fondue,458267,10,15,"['colby', 'gruyere cheese', 'cornstarch', 'garlic', 'wine', 'lemon juice concentrate', 'nutmeg', 'pepper']",194.9,22.0,1.0,10.0,22.0,44.0,0.0,-
81,grilled hanger steak,326939,50,18,"['porcini mushroom', 'butter', 'durkee onion', 'garlic', 'wine', 'ruby port', 'demi-glace', 'hanger steak', 'salt', 'pepper']",202.7,9.0,28.0,2.0,3.0,18.0,6.0,-
82,orange roughy in garlic butter,83463,25,10,"['roughy', 'butter', 'garlic', 'wine', 'durkee onion', 'pepper']",262.4,27.0,4.0,8.0,38.0,54.0,1.0,-
83,pasta with broccoli onion sauce,202570,25,12,"['fettuccine', 'broccoli floret', 'spray coating', 'durkee onion', 'milk', 'cornstarch', 'chicken bouillon granule', 'pepper', 'nutmeg', 'skim mozzarella cheese', 'wine']",199.3,8.0,7.0,20.0,26.0,16.0,8.0,-
84,swiss chard and turkey au gratin,364197,70,17,"['watercress leaf', 'garlic', 'water', 'durkee onion', 'turkey cutlet', 'pepper', 'wine', 'lemon zest', 'chicken broth', 'paprika', 'cornstarch']",77.2,1.0,12.0,14.0,8.0,0.0,4.0,-
85,basic mashed  whipped  potatoes,406290,40,11,"['potato', 'butter', 'half', 'salt', 'pepper']",422.6,31.0,9.0,31.0,15.0,63.0,18.0,-
86,corn with jalapeno garlic butter,486925,25,11,"['butter', 'jalapeno pepper', 'garlic', 'corn', 'pepper']",319.1,38.0,22.0,8.0,8.0,74.0,8.0,-
87,fried corn   bev s style,91971,25,13,"['corn', 'bacon', 'half', 'durkee onion', 'pepper']",201.2,22.0,8.0,8.0,11.0,28.0,4.0,-
88,grilled corn with red pepper butter,245789,65,8,"['pepper', 'butter', 'paprika', 'pepper', 'corn']",281.6,37.0,11.0,7.0,6.0,73.0,5.0,-
89,linda s faux mashed potatoes cauliflower,228689,30,16,"['head cauliflower', 'half', 'butter', 'pepper']",145.4,3.0,46.0,10.0,17.0,6.0,8.0,-
90,bienenstich,83023,140,17,"['egg', 'sugar', 'vanilla', 'baking powder', 'wheat flour', 'milk', 'butter', 'sugar', 'cream', 'coconut', 'almond', 'sugar']",8273.1,702.0,2492.0,107.0,261.0,1253.0,318.0,['german']
91,german quark crumb bars,153125,60,12,"['quark', 'egg', 'sugar', 'vanilla', 'cherry', 'butter', 'salt', 'wheat flour']",4741.8,304.0,1408.0,98.0,119.0,602.0,228.0,['german']
92,pan dulce,35312,205,12,"['milk', 'yeast', 'sugar', 'wheat flour', 'butter', 'jumbo egg', 'salt']",3609.6,209.0,458.0,130.0,165.0,372.0,170.0,['spanish']
93,golden peanut bars,1259,0,12,"['wheat flour', 'sugar', 'egg', 'butter', 'peanut butter', 'milk', 'peanut butter', 'vanilla extract']",5737.4,434.0,1880.0,92.0,291.0,565.0,231.0,-
94,raspberry and brown sugar coffee cake,57941,90,19,"['almond', 'butter', 'sugar', 'egg', 'milk', 'vanilla extract', 'almond extract', 'purpose flour', 'baking powder', 'baking soda', 'salt', 'buttermilk', 'raspberry']",7844.8,642.0,1692.0,225.0,338.0,850.0,297.0,-
95,cajun chicken alfredo,179078,50,11,"['chicken breast', 'seasoning salt', 'olive oil', 'garlic', 'tomato', 'wine', 'cream', 'parmesan cheese', 'sea salt', 'pepper', 'fettuccine', 'scallion']",1130.6,127.0,25.0,55.0,102.0,231.0,15.0,['american']
96,cajun chicken linguine,479461,30,5,"['penne pasta', 'chicken breast', 'seasoning salt', 'butter', 'durkee onion', 'cream', 'tomato', 'leaf basil', 'garlic', 'pepper', 'parmesan cheese']",1250.7,114.0,18.0,21.0,106.0,205.0,30.0,['american']
97,fettuccine with smoked salmon,5423,0,9,"['cream', 'fettuccine', 'salt', 'salmon', 'parmesan cheese', 'pepper']",3326.0,313.0,3.0,102.0,224.0,587.0,87.0,['american']
98,shrimp fettuccine alfredo,295654,20,9,"['shrimp', 'fettuccine', 'butter', 'cream', 'cheese', 'parmesan cheese', 'garlic', 'tomato']",1478.6,174.0,15.0,61.0,86.0,332.0,24.0,['american']
99,simple   delicate fettuccine alfredo,432605,30,12,"['fettuccine', 'butter', 'cream', 'parmesan cheese', 'pepper']",1963.8,181.0,20.0,60.0,118.0,350.0,56.0,['american']
100,extreme lemon pasta,250292,25,15,"['penne pasta', 'butter', 'oil', 'garlic', 'cream', 'lemon zest', 'lemon juice concentrate', 'parmesan cheese', 'basil leave', 'pine nut']",611.0,44.0,9.0,10.0,38.0,58.0,23.0,-
101,fish florentine sorta,305067,45,15,"['halibut fillet', 'bay seasoning', 'lemon pepper seasoning', 'lemon', 'spinach', 'durkee onion', 'garlic', 'oil', 'butter']",331.9,15.0,9.0,13.0,95.0,14.0,5.0,-
102,grilled lemon basil halibut,119094,18,10,"['lemon juice concentrate', 'oil', 'garlic', 'lemon zest', 'oil', 'leaf basil', 'caper', 'pepper', 'halibut fillet']",262.7,24.0,2.0,7.0,52.0,11.0,1.0,-
103,roasted asparagus with browned butter,450467,13,12,"['asparagus spear', 'oil', 'salt', 'pepper', 'butter', 'lemon juice concentrate', 'garlic', 'lemon zest']",109.5,14.0,6.0,11.0,5.0,20.0,1.0,-
104,salmon with roasted garlic,58867,55,16,"['garlic', 'oil', 'butter', 'salmon', 'lemon juice concentrate', 'rosemary sprigs']",376.2,36.0,0.0,4.0,69.0,27.0,1.0,-
105,1 2 3 4 cake,111072,50,14,"['butter', 'sugar', 'wheat flour', 'egg', 'milk', 'vanilla extract']",413.1,27.0,133.0,23.0,12.0,53.0,19.0,-
106,2 step pound cake  for a kitchen aide mixer,144841,110,9,"['wheat flour', 'sugar', 'butter', 'milk', 'egg', 'vanilla extract']",498.7,39.0,151.0,8.0,12.0,77.0,20.0,-
107,basic dessert crepes batter,19097,90,8,"['egg', 'wheat flour', 'sugar', 'milk', 'water', 'butter']",54.8,3.0,5.0,1.0,4.0,4.0,2.0,-
108,magic cake,499338,80,14,"['egg', 'water', 'sugar', 'butter', 'wheat flour', 'milk']",259.3,22.0,67.0,6.0,11.0,42.0,9.0,-
109,snow shoes  cream puff dessert,381646,65,8,"['butter', 'wheat flour', 'water', 'water', 'egg', 'almond flavoring', 'sugar', 'milk']",220.6,21.0,39.0,4.0,5.0,42.0,7.0,-
110,my mother s mississippi mud cake,81498,50,7,"['margarine', 'sugar', 'cocoa', 'egg', 'vanilla', 'wheat flour', 'coconut', 'pistachio', 'marshmallow creme', 'sugar', 'milk']",9314.2,706.0,4015.0,166.0,150.0,561.0,423.0,['american']
111,aunt kathleen s caramels,222138,35,13,"['margarine', 'sugar', 'sugar', 'white karo', 'milk', 'walnut', 'vanilla']",5966.7,440.0,2697.0,116.0,88.0,309.0,287.0,-
112,caramel nut bars,19051,45,15,"['wheat flour', 'sugar', 'egg', 'margarine', 'pistachio', 'caramel topping', 'milk']",5587.1,394.0,2151.0,118.0,167.0,292.0,255.0,-
113,chocolate mint bars,22300,120,7,"['sugar', 'margarine', 'egg', 'hersheys chocolate syrup', 'wheat flour', 'salt', 'vanilla', 'sugar', 'creme de menthe', 'chocolate chip cookie']",7838.8,573.0,3574.0,218.0,116.0,451.0,360.0,-
114,orange crush pound cake,44338,95,8,"['shortening', 'margarine', 'sugar', 'egg', 'wheat flour', 'soda', 'flavoring', 'vanilla', 'cheese', 'sugar']",7382.9,544.0,2683.0,71.0,155.0,470.0,330.0,-
115,hays  family pumpkin bars,273606,55,8,"['oil', 'egg', 'sugar', 'cinnamon', 'sugar pumpkin', 'purpose flour', 'baking powder', 'baking soda', 'salt', 'cheese', 'butter', 'vanilla', 'sugar']",220.4,18.0,76.0,7.0,4.0,18.0,8.0,-
116,jacqueline s zucchini muffins,185599,60,7,"['oil', 'sugar', 'vanilla', 'egg', 'purpose flour', 'salt', 'baking powder', 'baking soda', 'cinnamon', 'nutmeg', 'clove', 'allspice', 'zucchini', 'walnut']",428.0,31.0,137.0,13.0,11.0,13.0,19.0,-
117,mom s pumpkin bars,401935,40,10,"['egg', 'salad oil', 'sugar', 'sugar pumpkin', 'wheat flour', 'baking powder', 'baking soda', 'salt', 'cinnamon', 'ginger', 'clove', 'nutmeg', 'cheese', 'margarine', 'milk', 'vanilla', 'sugar']",160.2,11.0,73.0,3.0,2.0,8.0,7.0,-
118,perfect pumpkin spice bread,273824,85,7,"['purpose flour', 'sugar', 'sugar', 'baking soda', 'baking powder', 'salt', 'cinnamon', 'nutmeg', 'clove', 'allspice', 'ground ginger', 'lemon peel', 'pumpkin puree', 'milk', 'egg', 'oil', 'walnut', 'raisin']",181.2,10.0,70.0,6.0,4.0,5.0,9.0,-
119,pumpkin bars with raisins,120355,40,7,"['wheat flour', 'sugar', 'baking soda', 'baking powder', 'salt', 'cinnamon', 'oil', 'egg', 'raisin', 'sugar pumpkin', 'cheese', 'oleo', 'milk', 'vanilla', 'sugar']",291.3,21.0,116.0,7.0,5.0,13.0,13.0,-
120,beer jello shots,235646,40,4,"['gelatin dessert', 'water', 'malt liquor']",54.0,0.0,48.0,2.0,2.0,0.0,4.0,['american']
121,caf noir,218847,11,3,"['salt', 'chicory blend', 'water']",0.1,0.0,0.0,0.0,0.0,0.0,0.0,['american']
122,japanese rice,62453,50,2,"['minute rice', 'water']",238.7,0.0,0.0,0.0,8.0,0.0,17.0,['japanese']
123,lennie and donna s souper rice curry,36442,25,6,"['minute rice', 'mushroom soup', 'water', 'curry powder']",238.7,7.0,4.0,20.0,9.0,5.0,14.0,['american']
124,fiesta rice,224392,10,5,"['chicken broth', 'water', 'chili salsa', 'minute rice']",201.2,1.0,4.0,18.0,11.0,1.0,13.0,-
125,easy fried potatoes   onions,268685,20,7,"['durkee onion', 'butter', 'oil', 'potato', 'pepper']",259.8,14.0,13.0,2.0,9.0,20.0,13.0,-
126,littlemafia s potato paprikash,393102,40,4,"['oil', 'durkee onion', 'garlic', 'caraway seed', 'paprika', 'water', 'potato', 'pepper', 'tomato', 'salt']",530.0,22.0,42.0,1.0,22.0,10.0,31.0,-
127,noah s skillet taters,321949,20,6,"['potato', 'durkee onion', 'butter', 'oil', 'pepper', 'garlic', 'paprika', 'salt']",440.2,39.0,11.0,22.0,11.0,46.0,16.0,-
128,papas chorreadas,170151,30,6,"['potato', 'vegetable oil', 'durkee onion', 'tomato', 'paprika', 'queso blanco', 'pepper']",278.7,6.0,20.0,0.0,13.0,2.0,18.0,-
129,potato and onion skillet fry,138992,20,8,"['durkee onion', 'butter', 'oil', 'potato', 'pepper']",260.5,14.0,13.0,2.0,9.0,20.0,13.0,-
130,aunt muriel s banana bread,304396,75,3,"['purpose flour', 'sugar', 'buttermilk', 'oil', 'egg', 'baking soda', 'baking powder', 'salt', 'vanilla']",195.5,14.0,51.0,9.0,4.0,6.0,8.0,-
131,best chocolate cupcakes,357072,35,12,"['purpose flour', 'cocoa', 'baking soda', 'salt', 'sugar', 'vegetable oil', 'egg', 'vanilla', 'buttermilk', 'chocolate chip cookie']",220.5,14.0,85.0,6.0,6.0,12.0,11.0,-
132,black magic chocolate cake,118424,10,6,"['wheat flour', 'sugar', 'cocoa', 'baking soda', 'baking powder', 'salt', 'egg', 'tomato basil soup mix', 'buttermilk', 'oil', 'vanilla']",332.1,16.0,145.0,23.0,9.0,8.0,18.0,-
133,buttermilk  dump  pound cake,82046,100,4,"['shortening', 'sugar', 'purpose flour', 'baking soda', 'salt', 'egg', 'buttermilk', 'vanilla']",421.8,28.0,137.0,5.0,10.0,24.0,19.0,-
134,cola chocolate cupcakes,37482,40,10,"['purpose flour', 'sugar', 'cocoa', 'baking soda', 'baking powder', 'salt', 'vanilla', 'egg', 'oil', 'espresso', 'buttermilk']",158.6,8.0,68.0,6.0,4.0,3.0,8.0,-
135,cinnamon bun icing,19239,5,4,"['sugar', 'cream', 'salt', 'vanilla extract']",482.6,1.0,470.0,3.0,0.0,2.0,40.0,-
136,mint chocolate chip cheesecake pie with chocolate ganache,199510,155,11,"['cheese', 'sugar', 'peppermint extract', 'food coloring paste', 'egg', 'semisweet chocolate chip', 'chocolate wafer pie crust', 'cream']",716.7,74.0,201.0,18.0,20.0,124.0,22.0,-
137,simple mint chocolate chip ice cream,112472,30,5,"['milk', 'whipping cream', 'sugar', 'salt', 'vanilla extract', 'peppermint extract', 'food coloring paste', 'semisweet chocolate chip']",439.4,45.0,160.0,3.0,8.0,91.0,14.0,-
138,sturdier whipped cream,277540,5,4,"['cheese', 'sugar', 'salt', 'vanilla extract', 'cream']",704.6,97.0,108.0,12.0,11.0,191.0,10.0,-
139,the realtor s blue moon ice cream,384027,3,6,"['milk', 'cream', 'sugar', 'vanilla extract', 'raspberry extract', 'food coloring paste']",347.1,37.0,101.0,2.0,6.0,75.0,9.0,-
140,cafe vienna flavored creamer,117935,10,5,"['sugar', 'milk', 'cinnamon']",529.8,19.0,373.0,7.0,25.0,40.0,31.0,-
141,i can t believe this is microwaved oatmeal,160930,4,5,"['oat', 'water', 'cinnamon', 'sugar', 'milk']",207.8,5.0,35.0,0.0,14.0,5.0,12.0,-
142,katrina s hot cocoa,49494,10,5,"['chocolate powder', 'sugar', 'cinnamon', 'milk', 'water', 'chocolate syrup']",190.1,1.0,164.0,4.0,2.0,2.0,15.0,-
143,moroccan cinnamon coffee with orange flower water,424063,15,3,"['ground coffee', 'cinnamon', 'water', 'flower water', 'sugar', 'milk']",1.6,0.0,0.0,0.0,0.0,0.0,0.0,-
144,my mom s maple syrup recipe,292075,10,4,"['water', 'sugar', 'karo syrup', 'maple flavoring']",886.5,0.0,699.0,9.0,0.0,0.0,77.0,-
145,beer batter fried veggies n  things,29336,15,7,"['oil', 'onion soup mix', 'wheat flour', 'baking powder', 'egg', 'beer', 'mustard']",195.9,5.0,9.0,39.0,14.0,4.0,10.0,-
146,bolo de cereveja  beer cake,370145,70,9,"['sugar', 'butter', 'egg', 'beer', 'purpose flour', 'baking powder']",411.6,26.0,134.0,6.0,11.0,51.0,19.0,-
147,olive oil and fresh rosemary cake,329166,65,11,"['egg', 'sugar', 'olive oil', 'rosemary leave', 'purpose flour', 'baking powder', 'salt']",341.0,31.0,75.0,11.0,10.0,16.0,11.0,-
148,zucchini kugel,49636,55,7,"['zucchini', 'egg', 'matzo meal', 'mayonnaise', 'onion soup mix']",70.8,4.0,7.0,11.0,7.0,3.0,2.0,-
149,zucchini pancakes,16702,35,16,"['zucchini', 'egg', 'purpose flour', 'sugar', 'salt', 'olive oil', 'baking powder', 'butter']",363.0,41.0,9.0,34.0,19.0,51.0,7.0,-
150,corn pudding  crock pot,118656,490,7,"['egg', 'corn', 'wheat flour', 'sugar', 'salt', 'pepper', 'cream', 'butter']",219.2,16.0,15.0,20.0,14.0,27.0,8.0,-
151,creamy peas,129685,15,7,"['pea', 'water', 'salt', 'pepper', 'butter', 'cream', 'wheat flour', 'sugar']",461.1,50.0,54.0,13.0,20.0,101.0,11.0,-
152,gulliver s creamed corn,182192,20,7,"['kernel corn', 'cream', 'milk', 'salt', 'sugar', 'pepper', 'butter', 'wheat flour']",294.1,23.0,18.0,14.0,12.0,45.0,12.0,-
153,pennsylvania german fried tomatoes,94571,25,14,"['tomato', 'wheat flour', 'salt', 'pepper', 'butter', 'sugar', 'cream', 'leaf parsley']",315.9,35.0,65.0,28.0,5.0,71.0,8.0,-
154,smoked gouda brussels sprouts gratin,151003,35,16,"['fresh brussels sprouts', 'butter', 'shallot', 'wheat flour', 'cream', 'sugar', 'pepper', 'paprika', 'salt', 'gouda cheese', 'breadcrumb']",453.6,60.0,9.0,14.0,26.0,121.0,5.0,-
155,hot pasta,62151,50,7,"['penne pasta', 'tomato', 'garlic', 'durkee onion', 'butter', 'pepper', 'champignon mushroom', 'wine', 'leaf basil', 'oregano', 'leaf', 'sausage link']",637.7,14.0,74.0,38.0,33.0,20.0,42.0,['italian']
156,joe s italian tomato basil soup,460770,110,12,"['butter', 'oil', 'durkee onion', 'garlic', 'tomato', 'chicken broth', 'oregano', 'pepper', 'cream', 'leaf basil']",274.6,37.0,26.0,10.0,8.0,57.0,4.0,['italian']
157,provencal soup,371400,35,10,"['oil', 'butter', 'garlic', 'durkee onion', 'pepper', 'bell pepper', 'zucchini', 'wine', 'tomato', 'vegetable stock', 'olive', 'leaf basil']",150.6,15.0,15.0,11.0,3.0,13.0,3.0,['italian']
158,zucchini with sun dried tomatoes,67819,40,11,"['tomato', 'water', 'oil', 'durkee onion', 'garlic', 'zucchini', 'pepper']",212.3,26.0,28.0,5.0,7.0,12.0,4.0,['italian']
159,italian cheese chowder,258323,85,6,"['tomato', 'garbanzo bean', 'zucchini', 'durkee onion', 'wine', 'butter', 'salt', 'garlic', 'leaf basil', 'pepper', 'leaf', 'jack cheese', 'cheese', 'cream']",601.8,60.0,27.0,75.0,45.0,120.0,10.0,-
160,coconut pecan cake with broiled frosting,283489,80,13,"['purpose flour', 'sugar', 'butter', 'buttermilk', 'egg', 'baking soda', 'salt', 'vanilla', 'coconut', 'pistachio', 'sugar', 'whipping cream']",622.9,62.0,190.0,16.0,11.0,102.0,20.0,-
161,mean chef s vanilla buttermilk cupcakes,117948,45,11,"['butter', 'sugar', 'egg', 'vanilla', 'purpose flour', 'baking powder', 'salt', 'buttermilk']",218.1,10.0,78.0,7.0,7.0,20.0,11.0,-
162,mrs  leed s sugar cookies,111394,80,10,"['sugar', 'vanilla', 'butter', 'egg', 'salt', 'baking powder', 'purpose flour']",541.0,49.0,85.0,13.0,12.0,98.0,18.0,-
163,new mexico pecan bars,355997,45,9,"['wheat flour', 'sugar', 'butter', 'pistachio', 'baking powder', 'salt', 'corn syrup', 'vanilla', 'egg']",1484.3,104.0,381.0,37.0,37.0,98.0,70.0,-
164,sour cream coffee bread,146855,80,10,"['butter', 'sugar', 'egg', 'cream', 'vanilla', 'purpose flour', 'baking powder', 'salt', 'cinnamon', 'pistachio']",555.7,49.0,169.0,10.0,11.0,78.0,21.0,-
165,tofu omelet indonesia,308899,13,14,"['bean sprout', 'tofu', 'egg', 'salt', 'vegetable oil', 'chily', 'soy sauce', 'vinegar', 'peanut butter', 'shallot', 'leaf parsley']",205.3,20.0,14.0,20.0,30.0,14.0,2.0,['indonesian']
166,grilled mahi mahi with pineapple salsa,93524,85,9,"['garlic', 'shallot', 'vegetable oil', 'chily', 'pineapple chunk', 'seafood cocktail sauce', 'sugar', 'salt', 'ground cilantro', 'mahi mahi fillet']",249.8,12.0,25.0,24.0,64.0,6.0,3.0,-
167,vietnamese fisherman s soup,105637,45,17,"['shrimp', 'salmon', 'scallop', 'water', 'vegetable oil', 'chili paste', 'garlic', 'chicken stock', 'tomato', 'pineapple chunk', 'durkee onion', 'seafood cocktail sauce', 'sugar', 'salt', 'tamarind pulp', 'water', 'lime juice concentrate', 'bean sprout', 'rice paddy herb', 'leaf basil', 'shallot']",548.5,63.0,92.0,29.0,36.0,28.0,10.0,-
168,vietnamese grilled pork,215175,64,16,"['sugar', 'water', 'shallot', 'seafood cocktail sauce', 'soy sauce', 'salt', 'vegetable oil', 'pork loin chop']",357.8,34.0,50.0,20.0,46.0,31.0,4.0,-
169,vietnamese spicy   sour soup,414407,45,15,"['shrimp', 'cornstarch', 'peanut butter', 'chicken stock', 'tamarind paste', 'water', 'celery seed', 'pineapple chunk', 'tomato', 'okra', 'chily', 'bean sprout', 'seafood cocktail sauce', 'ginger', 'garlic', 'sugar', 'salt', 'shallot', 'cilantro leave']",277.8,16.0,59.0,60.0,39.0,10.0,9.0,-
170,chicken dahi,208299,50,10,"['chicken meat', 'yogurt', 'garlic', 'gingerroot', 'chily', 'turmeric', 'coriander', 'oil', 'durkee onion', 'chily', 'salt', 'garam masala', 'cilantro leave']",763.8,42.0,30.0,35.0,218.0,30.0,4.0,['indian']
171,chicken methi   chicken with dried fenugreek leaves,154433,50,15,"['chicken meat', 'leave', 'cardamom pod', 'garam masala', 'durkee onion', 'garlic', 'ginger paste', 'chily', 'yogurt', 'fenugreek leave', 'powder', 'cumin powder', 'cilantro leave', 'salt', 'oil']",546.4,57.0,26.0,6.0,76.0,51.0,4.0,['indian']
172,indian kadai chicken,72321,70,16,"['chicken meat', 'oil', 'durkee onion', 'tomato', 'cilantro leave', 'ginger paste', 'garlic', 'garam masala', 'leave', 'chily', 'coriander seed', 'chili powder', 'salt']",940.0,106.0,27.0,10.0,129.0,84.0,4.0,['indian']
173,mom s harra mutton mutton with green masala,35793,80,15,"['mutton', 'durkee onion', 'garlic', 'ginger', 'chily', 'cilantro leave', 'mint leaf', 'methi leave', 'spinach', 'yogurt', 'oil', 'garam masala', 'salt', 'chili powder', 'cumin', 'powder']",692.2,78.0,46.0,42.0,76.0,67.0,7.0,['indian']
174,sweet and sour chicken curry,204652,25,6,"['chicken meat', 'tomato puree', 'yogurt', 'garam masala', 'chili powder', 'garlic', 'mango chutney', 'salt', 'sugar', 'oil', 'water', 'chily', 'cilantro leave', 'cream']",479.3,39.0,11.0,30.0,108.0,27.0,1.0,['indian']
175,chicken pozole,178158,45,16,"['oil', 'durkee onion', 'garlic', 'tomato paste', 'chili powder', 'oregano', 'cumin', 'chicken broth', 'water', 'hominy', 'chicken meat', 'pepper', 'ground cilantro']",386.2,18.0,33.0,52.0,69.0,13.0,11.0,['mexican']
176,chile verde  la frontera style,501127,270,21,"['pork roast', 'tomatillo', 'jalapeno chile', 'chily', 'chily', 'ground cilantro', 'chily', 'tomato', 'tomato sauce', 'chicken broth', 'oregano', 'cumin', 'chili powder', 'purpose flour', 'oil', 'durkee onion', 'garlic', 'cornstarch', 'water']",166.6,8.0,14.0,10.0,37.0,6.0,3.0,['mexican']
177,pampered chef chicken tortilla soup,298099,40,17,"['corn tortilla', 'durkee onion', 'chicken breast halve', 'garlic', 'chili powder', 'chicken broth', 'cumin', 'tomato', 'chily', 'ground cilantro', 'cheddar cheese', 'lemon slice']",233.2,5.0,28.0,41.0,55.0,3.0,7.0,['mexican']
178,pork in salsa verde,371265,145,14,"['cumin', 'garlic', 'salt', 'pork loin chop', 'oil', 'durkee onion', 'jalapeno pepper', 'tomatillo', 'chicken broth', 'oregano', 'ground cilantro']",483.7,46.0,29.0,25.0,80.0,45.0,4.0,['mexican']
179,slow cooker pork tortilla   chip  soup,108139,255,8,"['vegetable oil', 'durkee onion', 'chili powder', 'cumin powder', 'garlic', 'pork tenderloin', 'jalapeno pepper', 'chily', 'chicken broth', 'tortilla chip', 'kernel corn', 'ground cilantro']",281.4,13.0,7.0,45.0,66.0,11.0,5.0,['mexican']
180,crunchy and light waffles for two,328155,12,8,"['wheat flour', 'baking powder', 'salt', 'sugar', 'egg', 'butter', 'milk']",248.2,16.0,9.0,14.0,16.0,29.0,9.0,-
181,delicious tea scones,159501,30,8,"['wheat flour', 'sugar', 'baking powder', 'salt', 'butter', 'milk', 'egg']",190.2,11.0,6.0,12.0,9.0,21.0,8.0,-
182,grandma s waffles,380890,20,8,"['wheat flour', 'baking powder', 'salt', 'egg', 'milk', 'butter', 'sugar']",334.5,20.0,34.0,21.0,19.0,36.0,14.0,-
183,never fail  biscuits,286003,25,8,"['wheat flour', 'salt', 'sugar', 'baking powder', 'milk', 'butter', 'egg']",130.6,10.0,3.0,9.0,5.0,21.0,4.0,-
184,rachel s cheesy pretzels,102161,30,6,"['wheat flour', 'milk', 'cheddar cheese', 'butter', 'baking powder', 'sugar', 'salt', 'egg']",81.9,5.0,1.0,8.0,5.0,10.0,3.0,-
185,best fresh bread using a bread machine for kneading,360350,90,6,"['water', 'yeast', 'salt', 'sugar', 'onion powder', 'vegetable oil', 'wheat bread flour']",160.3,7.0,4.0,16.0,7.0,3.0,8.0,-
186,grape nuts bread  abm,387787,250,3,"['water', 'vegetable oil', 'sugar', 'salt', 'nuts cereal', 'wheat bread flour', 'yeast', 'wheat gluten']",238.4,8.0,13.0,26.0,12.0,3.0,14.0,-
187,plain old white bread,46856,75,7,"['water', 'yeast', 'sugar', 'vegetable oil', 'wheat bread flour', 'salt']",223.2,6.0,1.0,8.0,11.0,2.0,13.0,-
188,sandwich rolls  abm,108864,130,7,"['water', 'vegetable oil', 'sugar', 'salt', 'wheat bread flour', 'milk', 'yeast']",186.9,6.0,10.0,10.0,10.0,5.0,10.0,-
189,unknownchef86 s french countryside bread  abm,337009,245,2,"['water', 'salt', 'wheat bread flour', 'sugar', 'yeast']",160.6,0.0,4.0,12.0,9.0,0.0,11.0,-
190,broiled tomato slices with gouda cheese,94690,25,7,"['tomato', 'durkee onion', 'pepper', 'gouda cheese', 'pepper']",123.0,12.0,13.0,9.0,15.0,25.0,1.0,-
191,easy bistro artichoke sandwich     vegetarian too,118174,25,14,"['roll', 'champignon mushroom', 'durkee onion', 'tomato', 'artichoke', 'gouda cheese', 'pepper flake']",342.3,25.0,11.0,36.0,41.0,49.0,9.0,-
192,it s a gouda   hot ham sandwich,283020,10,9,"['roll', 'mustard', 'honey', 'cayenne pepper', 'ham', 'raspberry preserve', 'durkee onion', 'gouda cheese']",296.2,10.0,50.0,68.0,45.0,10.0,11.0,-
193,stuffed head lettuce,108868,20,9,"['leaf lettuce', 'cheese', 'cheese', 'baby carrot', 'pepper', 'tomato', 'pepper', 'salt', 'durkee onion']",106.2,13.0,4.0,12.0,7.0,27.0,1.0,-
194,the way too simple salad for the lazy calorie counter,33417,10,7,"['leaf lettuce', 'tomato', 'durkee onion', 'baby carrot', 'pepper']",12.5,0.0,5.0,0.0,1.0,0.0,0.0,-
195,burger barbecue aka sloppy joes,190405,45,4,"['ground beef', 'oil', 'durkee onion', 'celery seed', 'pepper', 'sugar', 'salt', 'pepper', 'tomato sauce', 'ketchup', 'vinegar', 'sauce']",337.3,31.0,44.0,47.0,45.0,35.0,5.0,-
196,italian salad dressing seasoning,81338,10,5,"['garlic salt', 'onion powder', 'sugar', 'oregano', 'leaf parsley', 'leaf basil', 'pepper', 'thyme sprigs', 'celery seed', 'salt']",6.6,0.0,3.0,36.0,0.0,0.0,0.0,-
197,pasta fagioli,330830,75,7,"['ground beef', 'durkee onion', 'baby carrot', 'celery seed', 'garlic', 'tomato', 'kidney bean', 'bean', 'tomato sauce', 'v8', 'vinegar', 'salt', 'oregano', 'leaf basil', 'thyme sprigs', 'pepper', 'cayenne pepper', 'ditali pasta']",412.9,15.0,39.0,28.0,49.0,17.0,19.0,-
198,spaghetti for 100 or oamc,89357,200,5,"['ground beef', 'durkee onion', 'garlic', 'tomato sauce', 'tomato paste', 'salt', 'sugar', 'leaf basil', 'oregano', 'seasoning salt', 'spaghetti noodle']",330.9,8.0,33.0,41.0,30.0,9.0,18.0,-
199,tomato glut sauce,36568,75,5,"['tomato', 'baby carrot', 'celery seed', 'durkee onion', 'garlic', 'vinegar', 'leaf', 'thyme sprigs', 'oregano', 'leaf basil', 'leaf parsley', 'pepper', 'salt']",416.7,5.0,216.0,81.0,32.0,2.0,30.0,-
200,asian sesame chicken,44353,30,12,"['sesame seed', 'breadcrumb', 'salt', 'egg', 'chicken breast halve', 'vegetable oil', 'vinegar', 'pepper', 'durkee onion', 'sugar', 'ginger', 'pepper flake']",411.3,38.0,17.0,30.0,64.0,18.0,4.0,['chinese']
201,asian style chicken nuggets,320503,5,6,"['chicken breast', 'honey', 'soy sauce', 'ginger', 'cornstarch', 'egg', 'breadcrumb', 'vegetable oil']",931.5,37.0,203.0,123.0,109.0,33.0,41.0,['american']
202,eggs with crab meat,148649,23,11,"['crabmeat', 'egg', 'chicken stock', 'soy sauce', 'oil', 'ginger', 'scallion', 'cornstarch', 'wine vinegar', 'grain rice']",574.7,58.0,15.0,71.0,87.0,41.0,4.0,['chinese']
203,stir fried beef with ginger,12665,15,6,"['beef steak', 'salt', 'cornstarch', 'vegetable oil', 'ginger', 'soy sauce', 'sugar', 'sherry', 'durkee onion', 'pepper']",330.8,32.0,6.0,28.0,51.0,27.0,2.0,['chinese']
204,szechuan peppercorn chicken,17278,15,3,"['szechuan peppercorn', 'scallion', 'ginger', 'salt', 'soy sauce', 'sesame oil', 'chicken stock', 'wine vinegar', 'sugar', 'iceberg lettuce', 'chicken meat']",460.2,50.0,16.0,49.0,68.0,41.0,2.0,['chinese']
205,ginger mango lassi,51285,5,2,"['mango', 'water', 'sugar', 'ginger', 'lemon juice concentrate', 'cherry yogurt']",767.6,6.0,672.0,6.0,25.0,9.0,60.0,-
206,mocha espresso flavored creamer,117938,10,3,"['sugar', 'milk', 'cocoa powder']",1319.5,61.0,821.0,22.0,80.0,124.0,70.0,-
207,pink lemonade lime dip,133678,10,3,"['milk', 'lemonade concentrate', 'lemon rind']",1603.3,54.0,1182.0,21.0,63.0,109.0,99.0,-
208,uncle bob s fantastic lemon banana frosting,137881,10,3,"['banana', 'lemon juice concentrate', 'butter', 'sugar']",2108.0,71.0,1680.0,17.0,2.0,146.0,145.0,-
209,vegan substitute for sweetened condensed milk,233468,20,5,"['milk', 'water', 'sugar']",1294.7,59.0,820.0,22.0,75.0,120.0,68.0,-
210,asian grilled flank steak,173126,130,11,"['flank steak', 'barbecue sauce', 'soy sauce', 'durkee onion', 'sesame seed', 'garlic', 'ground ginger']",361.4,25.0,9.0,61.0,85.0,29.0,2.0,-
211,garlic and pepper marinated flank steak,174914,188,7,"['soy sauce', 'oil', 'garlic', 'pepper', 'flank steak']",452.8,39.0,1.0,47.0,100.0,43.0,0.0,-
212,steak marinade   flank steak,343417,35,8,"['flank steak', 'soy sauce', 'sugar', 'lemon juice concentrate', 'oil', 'garlic', 'durkee onion', 'ground ginger', 'pepper']",305.5,23.0,20.0,58.0,67.0,24.0,2.0,-
213,taste of asia steak marinade,317668,15,4,"['soy sauce', 'sugar', 'lemon juice concentrate', 'oil', 'garlic', 'durkee onion', 'ground ginger', 'pepper', 'beef steak']",719.9,80.0,40.0,116.0,93.0,91.0,4.0,-
214,teriyaki sirloin strips,155003,30,8,"['sirloin steak', 'soy sauce', 'rice vinegar', 'sugar', 'durkee onion', 'oil', 'garlic', 'ground ginger', 'pepper']",819.7,84.0,29.0,90.0,135.0,103.0,3.0,-
215,amish butterscotch brownies,68806,70,5,"['butter', 'sugar', 'egg', 'purpose flour', 'vanilla', 'salt', 'baking powder']",222.4,10.0,106.0,10.0,4.0,19.0,12.0,['american']
216,good old fashioned pancakes,230115,20,6,"['purpose flour', 'baking powder', 'salt', 'sugar', 'milk', 'egg', 'butter']",163.9,10.0,6.0,21.0,9.0,19.0,7.0,['american']
217,honey muffins,220802,20,6,"['purpose flour', 'sugar', 'baking powder', 'salt', 'egg', 'milk', 'butter', 'honey']",183.2,8.0,56.0,9.0,6.0,15.0,10.0,['american']
218,my kids favourite chocolate chip cookies,53740,18,6,"['butter', 'sugar', 'egg', 'water', 'purpose flour', 'baking powder', 'salt', 'chocolate chip cookie']",92.8,5.0,39.0,1.0,2.0,11.0,4.0,['american']
219,shortcakes  robin s best biscuits,201724,30,9,"['purpose flour', 'sugar', 'baking powder', 'salt', 'butter', 'milk', 'egg']",258.9,19.0,28.0,9.0,9.0,39.0,10.0,['american']
220,aunt helen s buttermilk pancakes,385927,45,6,"['wheat flour', 'sugar', 'salt', 'baking powder', 'baking soda', 'egg', 'oil', 'buttermilk', 'milk']",436.1,20.0,49.0,28.0,31.0,19.0,21.0,-
221,family favorite pancakes,339157,15,8,"['wheat flour', 'baking powder', 'salt', 'sugar', 'egg', 'milk', 'oil']",504.4,37.0,26.0,42.0,23.0,26.0,19.0,-
222,grandma s  western style pancakes     and or waffles,203678,22,8,"['wheat flour', 'baking powder', 'sugar', 'salt', 'egg', 'milk', 'oil']",555.8,39.0,51.0,40.0,27.0,30.0,22.0,-
223,pikelets,58107,30,6,"['wheat flour', 'sugar', 'baking powder', 'egg', 'yogurt', 'milk', 'salt', 'oil']",112.2,2.0,28.0,2.0,6.0,3.0,6.0,-
224,sour milk pancakes,96401,10,2,"['milk', 'egg', 'oil', 'wheat flour', 'sugar', 'baking powder', 'baking soda', 'salt']",101.5,5.0,1.0,12.0,6.0,5.0,4.0,-
225,anne of green gables coconut macaroons,362770,30,12,"['egg white', 'tartar', 'sugar', 'coconut', 'almond extract']",54.7,3.0,32.0,1.0,1.0,9.0,2.0,-
226,butterscotch meringues,114754,70,9,"['egg white', 'tartar', 'salt', 'sugar', 'walnut']",84.7,5.0,44.0,1.0,3.0,1.0,3.0,-
227,chocolate almond valentine meringue cookies,117352,80,7,"['egg white', 'tartar', 'sugar', 'almond extract', 'cocoa powder']",7.3,0.0,5.0,0.0,0.0,0.0,0.0,-
228,meringue cookies,363207,40,8,"['egg white', 'tartar', 'sugar', 'almond extract', 'food coloring paste', 'almond']",12.1,1.0,0.0,0.0,1.0,0.0,0.0,-
229,wonderful angel food cake,120178,85,12,"['flour', 'sugar', 'egg white', 'salt', 'tartar', 'almond extract']",119.2,0.0,76.0,6.0,7.0,0.0,8.0,-
230,barefoot contessa s roasted carrots,393808,30,7,"['baby carrot', 'oil', 'salt', 'pepper', 'baby dill pickle']",110.2,10.0,22.0,18.0,2.0,4.0,3.0,-
231,hummus for my young un,365796,6,3,"['chickpea', 'lemon juice concentrate', 'tahini sesame butter', 'oil', 'garlic', 'salt', 'baby carrot', 'water']",33.6,2.0,0.0,2.0,2.0,0.0,1.0,-
232,lemon dill vinaigrette or marinade,319756,5,2,"['salad dressing mix', 'water', 'lemon juice concentrate', 'oil', 'baby dill pickle']",121.7,20.0,0.0,0.0,0.0,8.0,0.0,-
233,sauteed broccoli rabe,203401,15,8,"['broccoli rabe', 'garlic', 'shallot', 'oil', 'salt', 'water']",133.2,20.0,0.0,25.0,1.0,9.0,1.0,-
234,sauteed brussels sprouts with lemon and pistachios,279934,20,6,"['oil', 'shallot', 'sprout', 'pistachio', 'lemon juice concentrate']",248.2,32.0,12.0,0.0,13.0,11.0,3.0,-
235,charmie s potato cheese soup,144883,30,13,"['butter', 'durkee onion', 'garlic', 'potato', 'water', 'milk', 'cheddar cheese', 'pepper']",640.5,49.0,15.0,21.0,49.0,101.0,21.0,-
236,creamy parmesan potato soup,46322,45,8,"['potato', 'durkee onion', 'butter', 'cheese', 'milk', 'garlic', 'pepper', 'salt', 'parmesan cheese', 'leaf parsley']",893.0,75.0,19.0,68.0,59.0,152.0,29.0,-
237,potato and beef pie,261240,45,10,"['potato', 'milk', 'ground beef', 'durkee onion', 'cheddar cheese', 'garlic', 'pepper', 'butter', 'bread crumb']",743.8,59.0,16.0,22.0,79.0,100.0,19.0,-
238,savory baked white fish,145448,35,10,"['halibut fillet', 'durkee onion', 'butter', 'wine', 'salt', 'pepper', 'garlic', 'cream', 'oregano', 'cheddar cheese', 'parmesan cheese']",448.0,34.0,7.0,22.0,96.0,63.0,1.0,-
239,scalloped potatoes  onions and garlic,81038,265,12,"['potato', 'durkee onion', 'garlic', 'jalapeno cheddar cheese', 'parmesan cheese', 'butter', 'pepper', 'mushroom soup', 'milk', 'leaf parsley']",395.8,28.0,28.0,36.0,35.0,50.0,13.0,-
240,macaroons made with fresh coconut,362081,32,5,"['coconut', 'sugar', 'wheat flour', 'salt', 'egg white', 'vanilla extract']",101.3,10.0,26.0,1.0,2.0,30.0,3.0,-
241,paula deen s coconut macaroons,167142,18,6,"['coconut', 'almond extract', 'salt', 'milk', 'egg white', 'tartar']",105.4,8.0,46.0,2.0,3.0,24.0,4.0,-
242,really easy macaroons,202699,35,9,"['coconut', 'sugar', 'egg white', 'salt', 'vanilla extract', 'almond extract']",63.9,4.0,33.0,1.0,1.0,13.0,2.0,-
243,sweetened condensed milk coconut cookies candy,34402,25,6,"['milk', 'coconut', 'vanilla extract', 'salt']",95.9,7.0,49.0,2.0,2.0,18.0,4.0,-
244,toasted coconut and almond macaroons,326724,35,11,"['almond', 'coconut', 'vanilla extract', 'sugar', 'salt', 'purpose flour', 'egg white', 'milk']",188.5,16.0,65.0,5.0,9.0,28.0,6.0,-
245,christy s mexican wedding cookies,152642,42,13,"['wheat flour', 'butter', 'sugar icing', 'pistachio', 'vanilla']",125.1,13.0,17.0,1.0,2.0,17.0,3.0,['mexican']
246,kolacky del babbo classico,91104,40,15,"['cheese', 'sugar', 'vanilla', 'butter', 'wheat flour', 'sugar icing']",104.0,13.0,0.0,2.0,2.0,27.0,1.0,['american']
247,mexican bizcochitos  crusty sweet biscuit,66210,25,10,"['butter', 'sugar', 'wheat flour', 'pistachio', 'vanilla']",85.0,11.0,3.0,1.0,1.0,13.0,1.0,-
248,mexican hot chocolate balls,273710,35,12,"['butter', 'sugar', 'cocoa powder', 'vanilla', 'wheat flour', 'cinnamon', 'pistachio']",83.1,8.0,12.0,1.0,1.0,13.0,2.0,-
249,white mice cookies,92899,20,10,"['butter', 'sugar', 'wheat flour', 'vanilla', 'pistachio']",85.3,8.0,16.0,1.0,1.0,12.0,2.0,-
250,mango ginger limeade,480495,5,2,"['mango puree', 'juice', 'water', 'sugar', 'ginger juice']",133.9,0.0,133.0,0.0,1.0,0.0,11.0,-
251,orange aid blend,221605,5,2,"['juice', 'ice cube', 'milk', 'sugar', 'water']",207.8,3.0,167.0,1.0,6.0,6.0,15.0,-
252,passionfruit and orange sago,129653,35,4,"['juice', 'passion fruit pulp', 'water', 'sugar', 'sago']",147.8,0.0,108.0,0.0,3.0,0.0,12.0,-
253,ready to serve hummingbird food,503355,3,5,"['sugar', 'water', 'ice cube']",73.1,0.0,75.0,0.0,0.0,0.0,6.0,-
254,watermelon punch,328135,15,5,"['water', 'sugar', 'lime juice concentrate', 'watermelon juice', 'juice', 'ice cube']",59.1,0.0,56.0,0.0,0.0,0.0,4.0,-
255,banana  cake,168084,50,7,"['sugar', 'pistachio', 'butter', 'banana', 'egg', 'baking soda', 'wheat flour', 'vanilla', 'salt', 'milk', 'baking powder']",233.1,16.0,77.0,6.0,6.0,19.0,11.0,['american']
256,cast iron skillet upside down cake,272943,60,7,"['wheat flour', 'butter', 'egg', 'baking powder', 'sugar', 'milk', 'sugar', 'mulberry', 'salt']",391.0,21.0,159.0,14.0,11.0,41.0,20.0,['american']
257,mashed potato pancakes,26215,25,5,"['potato', 'egg', 'milk', 'butter', 'wheat flour', 'baking powder', 'salt', 'sugar']",105.3,5.0,14.0,10.0,6.0,10.0,4.0,['american']
258,whole wheat pecan waffles,119380,20,5,"['wheat flour', 'baking powder', 'salt', 'sugar', 'egg', 'milk', 'pistachio']",175.6,14.0,5.0,16.0,11.0,5.0,6.0,['american']
259,blender banana bread,94010,70,7,"['wheat flour', 'baking powder', 'salt', 'pistachio', 'sugar', 'butter', 'egg', 'banana', 'milk']",287.1,17.0,80.0,10.0,9.0,20.0,14.0,-
260,creamy chipotle chicken,458969,375,4,"['chicken breast halve', 'butter', 'pepper', 'garlic', 'chicken soup', 'chicken broth', 'cheese', 'adobo', 'chipotle chile']",508.1,59.0,10.0,43.0,62.0,101.0,2.0,-
261,crock pot cream cheese chicken,103279,490,6,"['chicken thigh', 'butter', 'pepper', 'salt', 'salad dressing mix', 'chicken soup', 'cheese', 'chicken broth', 'durkee onion', 'garlic', 'champignon mushroom']",891.8,73.0,20.0,65.0,195.0,102.0,4.0,-
262,easy creamy chicken pasta,270371,45,8,"['butter', 'chicken breast', 'durkee onion', 'garlic', 'chicken broth', 'tomato', 'broccoli', 'pepper', 'cheese', 'penne pasta']",969.5,60.0,37.0,35.0,100.0,98.0,35.0,-
263,marra s pasta and cheese comfort,285429,15,4,"['penne pasta', 'cheese', 'garlic', 'pepper', 'tomato']",612.2,23.0,8.0,22.0,52.0,44.0,30.0,-
264,roquefort chicken breast,25394,65,6,"['chicken breast halve', 'manchego cheese', 'pepper', 'butter', 'cream', 'garlic']",545.2,57.0,0.0,36.0,94.0,113.0,1.0,-
265,angel food cake   homemade,12591,50,24,"['flour', 'sugar', 'egg white', 'tartar', 'salt', 'vanilla', 'almond extract']",124.8,0.0,82.0,3.0,6.0,0.0,9.0,-
266,meringue kisses  almond orange strawberry mint cocoa variations,443465,120,23,"['caster', 'cornstarch', 'egg white', 'tartar', 'vanilla extract', 'almond extract']",2.4,0.0,0.0,0.0,0.0,0.0,0.0,-
267,meringue mushrooms,79403,150,33,"['egg white', 'sugar', 'tartar', 'vanilla extract', 'chocolate', 'chocolate']",65.4,2.0,50.0,0.0,1.0,4.0,4.0,-
268,meringue snowflakes,341177,35,20,"['egg white', 'tartar', 'salt', 'sugar', 'decorator sugar']",35.3,0.0,33.0,0.0,1.0,0.0,2.0,-
269,step by step meringue,292326,60,48,"['egg white', 'tartar', 'salt', 'sugar', 'vanilla extract']",57.4,0.0,50.0,1.0,3.0,0.0,4.0,-
270,danish lemon bread,234836,68,5,"['sugar', 'butter', 'egg', 'milk', 'wheat flour', 'baking powder', 'lemon', 'rind', 'salt']",286.9,16.0,100.0,7.0,9.0,31.0,14.0,-
271,easy lemon snack cake,115946,45,14,"['wheat flour', 'sugar', 'baking powder', 'salt', 'egg', 'lemon', 'butter', 'milk', 'sugar', 'lemon juice concentrate']",299.5,13.0,144.0,12.0,7.0,26.0,17.0,-
272,lemon squares lemon bar cookies,100146,55,10,"['butter', 'wheat flour', 'sugar', 'lemon', 'rind', 'egg', 'salt', 'sugar', 'lemon juice concentrate']",151.2,9.0,60.0,3.0,3.0,19.0,7.0,-
273,starbucks blueberry muffins,214088,25,10,"['butter', 'sugar', 'egg', 'wheat flour', 'lemon', 'rind', 'salt', 'baking powder', 'milk', 'blueberry']",164.2,7.0,55.0,8.0,4.0,14.0,9.0,-
274,wild rose petal cupcakes,67874,30,11,"['sugar', 'butter', 'egg', 'lemon', 'rind', 'flour', 'baking powder', 'salt', 'milk', 'petal', 'lemon juice concentrate']",96.1,5.0,22.0,3.0,3.0,9.0,4.0,-
275,cracked pepper lemon pasta,103397,10,9,"['penne pasta', 'oil', 'garlic', 'lemon juice concentrate', 'parmesan cheese', 'pepper', 'salt']",519.4,20.0,13.0,16.0,45.0,26.0,25.0,-
276,grilled parmesan broccoli,125127,50,7,"['broccoli stem', 'lemon juice concentrate', 'oil', 'salt', 'pepper', 'parmesan cheese']",126.2,12.0,7.0,13.0,14.0,14.0,2.0,-
277,parmesan garlic croutons,195639,20,5,"['bread', 'garlic', 'garlic', 'parmesan cheese', 'salt', 'pepper', 'oil']",448.6,21.0,11.0,34.0,31.0,15.0,21.0,-
278,parmesan garlic salad dressing,197820,10,2,"['oil', 'parmesan cheese', 'garlic', 'lemon juice concentrate', 'pepper']",147.9,23.0,0.0,3.0,4.0,14.0,0.0,-
279,simple pan fried chicken breasts,91587,35,8,"['chicken breast halve', 'salt', 'pepper', 'oil', 'parmesan cheese']",331.6,19.0,0.0,47.0,100.0,11.0,0.0,-
280,best pumpkin pie,257184,75,14,"['pie crust', 'sugar pumpkin', 'sugar', 'cinnamon', 'ginger', 'salt', 'nutmeg', 'clove', 'egg', 'milk']",259.1,17.0,78.0,13.0,11.0,17.0,11.0,-
281,butternut squash pie,401492,140,10,"['butternut squash', 'sugar', 'salt', 'cinnamon', 'nutmeg', 'ginger', 'egg', 'milk', 'butter', 'pie crust']",180.2,7.0,112.0,14.0,8.0,11.0,10.0,-
282,elsie s pumpkin pie,268056,80,2,"['sugar', 'salt', 'cinnamon', 'nutmeg', 'ginger', 'allspice', 'clove', 'sugar pumpkin', 'milk', 'egg', 'pie crust']",294.3,18.0,101.0,13.0,12.0,21.0,13.0,-
283,harvest pumpkin pie,262959,75,8,"['egg', 'sugar pumpkin', 'sugar', 'cinnamon', 'allspice', 'ginger', 'nutmeg', 'salt', 'milk', 'pie crust']",276.1,18.0,82.0,13.0,12.0,21.0,12.0,-
284,honey spiced muffins,220247,32,7,"['wheat flour', 'sugar', 'cinnamon', 'ginger', 'allspice', 'nutmeg', 'salt', 'margarine', 'egg', 'vanilla', 'milk', 'cream', 'honey']",152.2,8.0,28.0,16.0,6.0,8.0,7.0,-
285,artichoke soup for one,42378,15,2,"['chicken stock', 'scallion', 'lemon juice concentrate', 'artichoke heart', 'pepper', 'cream']",408.2,24.0,35.0,27.0,37.0,40.0,18.0,['american']
286,creamy carrot and scallion baked potato topping,20141,11,3,"['yogurt', 'cream', 'parmesan cheese', 'baby carrot', 'scallion']",121.1,13.0,14.0,8.0,11.0,25.0,1.0,['american']
287,fresh  cream salad dressing for new salad greens,127054,5,3,"['cream', 'sugar', 'vinegar', 'salt', 'pepper']",121.6,16.0,19.0,1.0,1.0,34.0,1.0,['american']
288,grapes in sour cream,14123,5,2,"['grape', 'cream', 'sugar']",217.1,12.0,127.0,1.0,4.0,25.0,12.0,['american']
289,parmesan bow ties,37531,20,5,"['bow tie pasta', 'cheese fantastico salad dress', 'parmesan cheese', 'pepper', 'leaf parsley']",143.0,10.0,6.0,14.0,10.0,9.0,5.0,['american']
290,kicky hot chocolate,14103,25,9,"['sugar', 'cocoa powder', 'water', 'milk', 'vanilla', 'salt', 'cinnamon schnapp', 'cream', 'cinnamon']",267.5,14.0,100.0,6.0,18.0,29.0,13.0,['mexican']
291,lola s horchata,234917,200,6,"['grain rice', 'water', 'milk', 'vanilla extract', 'cinnamon', 'sugar']",216.3,1.0,89.0,0.0,5.0,2.0,16.0,['mexican']
292,milk rice horchata,65409,25,7,"['grain rice', 'water', 'cinnamon bark', 'milk', 'milk', 'sugar', 'vanilla', 'cinnamon']",186.3,2.0,80.0,1.0,8.0,3.0,13.0,['mexican']
293,no wait homemade horchata,306959,20,8,"['grain rice', 'water', 'sugar', 'vanilla', 'cinnamon', 'ice']",320.1,0.0,150.0,0.0,6.0,0.0,25.0,['mexican']
294,rice atole  mexican rice pudding arroz con leche,322124,40,7,"['grain rice', 'water', 'cinnamon candy', 'milk', 'vanilla', 'sugar']",370.7,9.0,100.0,3.0,17.0,18.0,23.0,['mexican']
295,italian chicken strips,117664,15,10,"['chicken breast', 'egg', 'style breadcrumb', 'salt', 'butter']",536.2,32.0,14.0,47.0,87.0,30.0,13.0,['american']
296,baked buffalo chicken,315403,35,7,"['wing sauce', 'style breadcrumb', 'chicken breast', 'ranch dress']",215.1,4.0,5.0,9.0,60.0,3.0,5.0,-
297,chocolate chip marble squares,164406,30,11,"['chocolate chip cookie mix', 'egg', 'butter']",145.2,12.0,0.0,3.0,3.0,15.0,5.0,-
298,crispy stuffing coated chicken breasts,325038,50,9,"['chicken flavor stuffing mix', 'butter', 'egg', 'half', 'chicken breast']",223.0,17.0,0.0,6.0,57.0,31.0,0.0,-
299,pecorino romano chicken breast,168457,35,5,"['chicken breast', 'butter', 'pecorino romano cheese', 'style breadcrumb']",427.9,44.0,5.0,14.0,53.0,71.0,4.0,-
300,adrianna   emilia s greek salad dressing,435110,5,2,"['oil', 'wine vinegar', 'lemon juice concentrate', 'garlic', 'oregano', 'baby dill pickle', 'pepper']",243.0,41.0,0.0,0.0,0.0,18.0,0.0,-
301,caesar salad dressing,375935,5,5,"['garlic', 'mayonnaise', 'lemon juice concentrate', 'sauce', 'oil', 'pepper']",265.9,42.0,7.0,11.0,0.0,19.0,1.0,-
302,chimichurri muy perfecto,456743,5,2,"['leaf parsley', 'oil', 'wine vinegar', 'oregano', 'cumin', 'salt', 'garlic', 'sauce', 'pepper flake', 'lemon juice concentrate']",348.8,56.0,2.0,14.0,4.0,25.0,1.0,-
303,feta cheese salad dressing,365842,15,4,"['feta cheese', 'mayonnaise', 'wine vinegar', 'garlic', 'leaf basil', 'oregano', 'sauce', 'oil']",144.3,19.0,8.0,14.0,4.0,17.0,2.0,-
304,greek grouper,98188,22,3,"['grouper fillet', 'garlic', 'oil', 'lemon juice concentrate', 'oregano', 'salt', 'pepper', 'leaf parsley']",177.2,27.0,2.0,32.0,1.0,12.0,1.0,-
305,pineapple zucchini bread,43919,70,6,"['egg', 'zucchini', 'vegetable oil', 'pineapple chunk', 'vanilla', 'wheat flour', 'sugar', 'baking soda', 'cinnamon', 'salt', 'nutmeg', 'baking powder', 'pistachio', 'raisin']",3012.0,242.0,891.0,109.0,71.0,101.0,124.0,['american']
306,100  whole wheat zucchini bread,325137,60,5,"['sugar', 'vegetable oil', 'egg', 'zucchini', 'vanilla', 'wheat flour', 'baking soda', 'salt', 'cinnamon', 'baking powder', 'nut']",2528.2,213.0,632.0,91.0,83.0,98.0,99.0,-
307,carol s pineapple zucchini bread,81825,60,8,"['egg', 'vegetable oil', 'sugar', 'vanilla essence', 'zucchini', 'pineapple chunk', 'wheat flour', 'baking soda', 'baking powder', 'salt', 'cinnamon', 'nutmeg', 'walnut', 'raisin']",3243.6,242.0,1060.0,110.0,84.0,103.0,144.0,-
308,denise s zucchini bread,336929,75,9,"['wheat flour', 'baking powder', 'baking soda', 'salt', 'cinnamon', 'oil', 'sugar', 'egg', 'zucchini', 'vanilla', 'nut', 'lemon juice concentrate']",3162.6,236.0,1026.0,106.0,84.0,107.0,139.0,-
309,zucchini pineapple loaf cake,71450,70,11,"['egg', 'oil', 'sugar', 'vanilla', 'zucchini', 'pineapple chunk', 'wheat flour', 'baking soda', 'salt', 'baking powder', 'cinnamon', 'nutmeg', 'nut', 'raisin']",3323.6,237.0,1118.0,129.0,91.0,109.0,152.0,-
310,baked potato soup,469367,50,9,"['potato', 'butter', 'wheat flour', 'milk', 'salt', 'pepper', 'durkee onion', 'bacon', 'cheddar cheese', 'cream']",882.8,88.0,15.0,37.0,53.0,167.0,22.0,-
311,best baked potato soup,410520,60,17,"['potato', 'butter', 'wheat flour', 'milk', 'bacon', 'durkee onion', 'cream', 'cheddar cheese', 'salt', 'pepper']",929.4,92.0,16.0,42.0,56.0,178.0,23.0,-
312,dawn s creamy potato soup,213986,30,6,"['potato', 'bacon', 'durkee onion', 'butter', 'milk', 'cheddar cheese', 'salt', 'pepper']",1004.0,78.0,22.0,39.0,65.0,108.0,35.0,-
313,hillbilly casserole,100619,40,8,"['egg', 'bacon', 'grit', 'cheddar cheese', 'salt', 'pepper', 'milk', 'durkee onion']",1118.9,101.0,6.0,57.0,86.0,146.0,28.0,-
314,jean s western omelet in a crock pot,203429,620,6,"['potato', 'bacon', 'durkee onion', 'bell pepper', 'cheddar cheese', 'egg', 'milk', 'pepper']",1419.7,144.0,13.0,143.0,178.0,199.0,17.0,-
315,almond breakfast bread,128450,80,6,"['wheat flour', 'sugar', 'egg', 'baking powder', 'salt', 'milk', 'vegetable oil', 'vanilla', 'almond extract', 'almond']",323.1,21.0,101.0,11.0,10.0,11.0,14.0,-
316,almond poppy seed muffins,73578,45,7,"['wheat flour', 'sugar', 'baking powder', 'salt', 'milk', 'vegetable oil', 'egg', 'almond extract', 'seed']",271.9,23.0,75.0,7.0,6.0,11.0,10.0,-
317,maple and brown sugar magic muffins,88090,25,6,"['wheat flour', 'wheat cereal', 'sugar', 'milk', 'vegetable oil', 'egg', 'baking powder', 'salt', 'vanilla']",125.5,8.0,22.0,8.0,4.0,5.0,5.0,-
318,the best belgian waffles,63071,40,7,"['wheat flour', 'baking powder', 'salt', 'sugar', 'egg', 'vegetable oil', 'milk', 'vanilla']",636.0,53.0,51.0,31.0,27.0,35.0,22.0,-
319,waffle recipe for waffle makers,376347,10,6,"['wheat flour', 'sugar', 'baking powder', 'salt', 'milk', 'vegetable oil', 'egg']",345.4,25.0,17.0,26.0,17.0,18.0,13.0,-
320,banana cake made simple,159336,35,7,"['sugar', 'butter', 'egg', 'milk', 'banana', 'baking soda', 'wheat flour', 'vanilla', 'nut']",316.6,16.0,137.0,9.0,7.0,31.0,17.0,-
321,coconut  cake,327057,45,8,"['sugar', 'wheat flour', 'baking soda', 'coconut', 'salt', 'egg', 'pineapple chunk', 'sugar', 'nut', 'milk', 'butter', 'vanilla']",425.5,23.0,195.0,17.0,11.0,46.0,22.0,-
322,granny cake,321400,50,4,"['wheat flour', 'sugar', 'sugar', 'salt', 'baking soda', 'egg', 'pineapple chunk', 'nut', 'butter', 'milk', 'vanilla']",474.9,24.0,228.0,20.0,13.0,34.0,26.0,-
323,moist pineapple cake,108991,65,8,"['wheat flour', 'salt', 'sugar', 'baking soda', 'pineapple chunk', 'egg', 'vanilla extract', 'butter', 'milk', 'coconut', 'nut']",313.4,17.0,147.0,10.0,8.0,30.0,17.0,-
324,pineapple cake,152197,70,7,"['wheat flour', 'sugar', 'baking soda', 'egg', 'pineapple chunk', 'butter', 'milk', 'coconut', 'pistachio', 'vanilla']",433.3,21.0,223.0,11.0,10.0,38.0,25.0,-
325,coffee chili,89815,140,5,"['oil', 'ground beef', 'durkee onion', 'pepper', 'garlic', 'chili powder', 'cumin powder', 'tomato', 'espresso', 'water', 'chily', 'salt', 'cayenne pepper']",320.8,32.0,17.0,22.0,45.0,36.0,3.0,-
326,dad s favorite chili recipe,496359,105,4,"['ground beef', 'durkee onion', 'garlic', 'tomato', 'kidney bean', 'chili bean', 'tomato basil soup mix', 'celery seed', 'chili powder', 'salt', 'pepper']",592.1,37.0,58.0,29.0,84.0,46.0,17.0,-
327,my mommy s chili,86203,40,4,"['durkee onion', 'celery seed', 'ground beef', 'garlic', 'chili bean', 'tomato', 'beef broth', 'kidney bean', 'tomato sauce', 'cumin powder', 'chili powder', 'salt', 'pepper']",580.9,29.0,27.0,81.0,83.0,34.0,20.0,-
328,ranch stew aka cowboy stew,310053,40,4,"['ground beef', 'durkee onion', 'pepper', 'kernel corn', 'tomato', 'ranch style bean', 'chili powder', 'salt', 'garlic']",468.3,30.0,49.0,62.0,61.0,35.0,15.0,-
329,the wildest chili,337307,90,5,"['ground beef', 'pepper', 'tomato', 'chily', 'durkee onion', 'garlic', 'tomato paste', 'chili powder', 'salt', 'cumin powder', 'kidney bean']",361.0,22.0,27.0,28.0,53.0,27.0,10.0,-
330,chocolate coconut cream pie,24454,45,14,"['chocolate', 'butter', 'sugar icing', 'coconut', 'sugar', 'cornstarch', 'salt', 'egg', 'milk', 'vanilla', 'cream', 'chocolate shaving']",403.1,30.0,180.0,9.0,13.0,67.0,17.0,-
331,coconut cream muffins,97880,35,12,"['wheat flour', 'baking powder', 'salt', 'vanilla', 'almond extract', 'cream', 'butter', 'sugar', 'egg', 'coconut', 'sugar', 'milk']",333.0,27.0,93.0,8.0,8.0,60.0,13.0,-
332,creme caramel french toast,17756,65,11,"['corn syrup', 'sugar', 'butter', 'cinnamon raisin bread', 'egg', 'milk', 'cream', 'sugar', 'vanilla', 'salt', 'cream']",706.5,52.0,165.0,26.0,29.0,93.0,29.0,-
333,easy coconut custard pie,100951,60,9,"['milk', 'cream', 'sugar', 'egg', 'wheat flour', 'butter', 'vanilla', 'rum extract', 'salt', 'coconut']",485.6,47.0,135.0,11.0,15.0,92.0,14.0,-
334,raspberry lazy daisy cake,270753,60,9,"['egg', 'sugar', 'vanilla', 'wheat flour', 'baking powder', 'salt', 'milk', 'butter', 'raspberry', 'sugar', 'cream', 'coconut']",337.7,26.0,125.0,7.0,7.0,58.0,14.0,-
335,chillin  strawberry pie,120096,70,6,"['cracker crumb', 'sugar', 'butter', 'strawberry cream cheese', 'vanilla extract', 'whip', 'strawberry']",235.7,21.0,85.0,5.0,2.0,45.0,9.0,-
336,husband s blueberry cherry dessert,253558,23,7,"['cracker crumb', 'sugar', 'butter', 'whip', 'cheese', 'cream', 'strawberry pie fill']",551.2,48.0,214.0,10.0,7.0,100.0,21.0,-
337,strawberry cheese ball,365755,200,7,"['cheese', 'butter', 'vanilla extract', 'sugar', 'sugar icing', 'strawberry', 'cracker crumb']",414.6,49.0,81.0,13.0,10.0,99.0,9.0,-
338,strawberry no bake cheesecake bars,320808,30,7,"['cracker crumb', 'butter', 'sugar', 'sugar', 'cheese', 'boysenberry', 'strawberry', 'whip']",437.5,44.0,144.0,9.0,9.0,96.0,13.0,-
339,strawberry pizza dessert,22253,30,7,"['wheat flour', 'almond', 'butter', 'cheese', 'sugar', 'whip', 'strawberry', 'strawberry glaze']",477.2,51.0,87.0,9.0,16.0,81.0,13.0,-
340,bani marine street beef kebabs,424835,20,8,"['sirloin beef', 'durkee onion', 'leaf parsley', 'paprika', 'salt', 'cumin', 'pepper', 'vegetable oil']",417.9,44.0,5.0,28.0,70.0,48.0,1.0,-
341,mvc s bbq sauce,498222,25,8,"['ground pork', 'potato', 'durkee onion', 'yogurt', 'ranch dip mix', 'pepper', 'corn', 'pea', 'spinach', 'pizza dough']",731.2,39.0,40.0,9.0,66.0,46.0,32.0,-
342,potato and sausage hotpot,47615,40,8,"['vegetable oil', 'durkee onion', 'sausage', 'floury potato', 'mustard', 'chicken stock', 'cheddar cheese', 'pepper']",959.7,114.0,16.0,75.0,87.0,127.0,8.0,-
343,rachael ray s loosemeat sandwiches,147005,30,6,"['vegetable oil', 'beef sirloin', 'chicken stock', 'paprika', 'sauce', 'pepper', 'hamburger bun', 'durkee onion']",487.5,42.0,17.0,15.0,65.0,48.0,8.0,-
344,spicy pork skewers,390950,40,8,"['ground pork', 'garlic', 'cumin', 'paprika', 'durkee onion', 'salt', 'pepper']",439.9,45.0,2.0,40.0,74.0,55.0,1.0,-
345,blackberry pie ii,3367,0,13,"['sugar', 'cornstarch', 'water', 'blackberry jell-o', 'blackberry', 'pie shell']",253.7,11.0,118.0,7.0,5.0,9.0,14.0,['american']
346,blackberry pie iii,3368,55,8,"['sugar', 'purpose flour', 'cornstarch', 'salt', 'blackberry', 'pie crust']",410.9,24.0,139.0,11.0,8.0,19.0,21.0,['american']
347,fresh blueberry pie,24709,90,16,"['pie crust', 'egg white', 'blueberry', 'water', 'cornstarch', 'sugar', 'lemon juice concentrate', 'salt']",285.6,15.0,106.0,8.0,6.0,12.0,15.0,['american']
348,strawberry glaze pie,178364,40,11,"['sugar', 'strawberry', 'water', 'cornstarch', 'sugar', 'pie crust']",273.2,14.0,125.0,5.0,4.0,11.0,15.0,['american']
349,sweet   tart peach cranberry pie,189187,55,13,"['cranberry', 'pie crust', 'juice', 'cranberry', 'cornstarch', 'sugar']",345.0,17.0,144.0,7.0,6.0,17.0,20.0,['american']
350,healthy low fat blueberry  or chocolate  oatmeal muffins,358154,55,8,"['oatmeal', 'milk', 'blueberry', 'applesauce', 'canola oil', 'egg white', 'vanilla', 'sugar', 'wheat flour', 'wheat flour', 'baking powder', 'salt', 'cinnamon', 'nutmeg']",146.6,4.0,41.0,7.0,7.0,1.0,8.0,-
351,pumpkin butter muffins,355420,48,11,"['purpose flour', 'wheat flour', 'sugar', 'baking powder', 'cinnamon', 'salt', 'nutmeg', 'clove', 'milk', 'egg', 'vegetable oil', 'pumpkin butter', 'sugar']",159.8,8.0,40.0,5.0,6.0,5.0,8.0,-
352,spicy soybean cookies,201466,60,9,"['sugar', 'splenda granular', 'soya oil', 'baby food', 'egg white', 'applesauce', 'vanilla', 'soya oil', 'wheat flour', 'baking powder', 'cinnamon', 'nutmeg', 'clove', 'ginger', 'oatmeal']",43.7,2.0,8.0,0.0,2.0,1.0,2.0,-
353,whole wheat banana butterscotch muffins,369331,30,13,"['wheat flour', 'baking powder', 'baking soda', 'salt', 'cinnamon', 'nutmeg', 'oatmeal', 'sugar', 'banana pulp', 'egg', 'milk', 'vegetable oil', 'vanilla extract', 'banana extract', 'butterscotch chip']",194.1,12.0,60.0,8.0,6.0,13.0,9.0,-
354,ww 1 point bran muffins so moist and delish,259832,35,4,"['sugar', 'wheat flour', 'applesauce', 'cinnamon', 'wheat flake', 'milk', 'baking powder', 'egg white']",100.6,0.0,21.0,4.0,8.0,0.0,7.0,-
355,3 bean salad  like kfc,101194,740,4,"['vegetable oil', 'cider vinegar', 'sugar', 'salt', 'pepper', 'bean', 'wax bean', 'kidney bean', 'pepper', 'durkee onion']",288.8,21.0,81.0,26.0,11.0,9.0,12.0,-
356,bev s three bean salad,34388,10,5,"['bean', 'wax bean', 'kidney bean', 'pepper', 'sugar', 'vinegar', 'vegetable oil', 'salt', 'pepper']",271.0,19.0,79.0,42.0,11.0,8.0,11.0,-
357,cold 3 bean salad,372490,15,2,"['kidney bean', 'bean', 'wax bean', 'durkee onion', 'vegetable oil', 'sugar', 'vinegar', 'pepper', 'salt', 'celery seed']",187.8,11.0,66.0,14.0,7.0,5.0,9.0,-
358,dr  pepper three bean salad,227418,20,4,"['vinegar', 'oil', 'diet dr. pepper soda', 'salt', 'pepper', 'sugar', 'durkee onion', 'bean', 'kidney bean', 'wax bean']",344.8,28.0,46.0,16.0,17.0,12.0,12.0,-
359,mom s sweet and sour bean salad,159240,10,1,"['bean', 'bean', 'kidney bean', 'pepper', 'durkee onion', 'sugar', 'salt', 'pepper', 'vinegar', 'salad oil']",277.1,21.0,86.0,25.0,9.0,9.0,11.0,-
360,baked garlic tomatoes,128088,130,4,"['tomato', 'oil', 'garlic', 'leaf basil', 'salt', 'pepper']",73.2,10.0,6.0,3.0,1.0,4.0,0.0,['american']
361,hot herbed tomatoes,18953,20,6,"['tomato', 'breadcrumb', 'durkee onion', 'leaf parsley', 'garlic', 'leaf basil', 'thyme sprigs', 'salt', 'pepper', 'oil']",99.1,12.0,9.0,10.0,2.0,5.0,2.0,['american']
362,summertime bruschetta  tomato and basil,220001,190,5,"['tomato', 'parmesan cheese', 'garlic', 'leaf basil', 'leaf parsley', 'oil', 'lemon juice concentrate', 'pepper flake', 'salt', 'pepper', 'bread']",206.7,6.0,4.0,23.0,13.0,4.0,11.0,"['american', 'italian']"
363,tomato basil pizza sauce,84025,13,7,"['oil', 'garlic', 'tomato', 'salt', 'pepper', 'leaf basil']",204.2,22.0,43.0,25.0,8.0,9.0,6.0,"['american', 'italian']"
364,sauteed spinach with parmesan cheese,84722,20,10,"['spinach', 'oil', 'garlic', 'salt', 'pepper', 'tomato', 'parmesan cheese']",164.9,17.0,8.0,31.0,20.0,16.0,3.0,-
365,gingered cucumbers,419395,15,4,"['cucumber', 'scallion', 'ginger', 'garlic', 'rice vinegar', 'soy sauce', 'sesame oil', 'mint leave']",29.4,1.0,6.0,10.0,2.0,0.0,1.0,-
366,noodle salad with peanut lime vinaigrette,31110,40,5,"['penne pasta', 'scallion', 'bell pepper', 'peanut butter', 'sesame seed', 'ginger', 'garlic', 'chili pepper', 'ground cilantro', 'peanut butter', 'lime juice concentrate', 'rice vinegar', 'soy sauce', 'sugar', 'canola oil', 'sesame oil', 'salt']",855.6,70.0,28.0,16.0,36.0,21.0,31.0,-
367,nordstrom lime and chicken cilantro salad dressing,302447,5,8,"['rice vinegar', 'lime juice concentrate', 'garlic', 'chipotle chile', 'honey', 'salt', 'canola oil', 'ground cilantro']",189.0,31.0,6.0,6.0,0.0,7.0,0.0,-
368,peanut lime noodle salad,249448,21,10,"['spaghetti', 'scallion', 'bell pepper', 'peanut butter', 'sesame seed', 'ginger', 'garlic', 'chili pepper', 'ground cilantro', 'peanut butter', 'lime juice concentrate', 'rice vinegar', 'soy sauce', 'sugar', 'canola oil', 'sesame oil', 'salt']",425.0,35.0,12.0,8.0,18.0,10.0,15.0,-
369,spicy scrambled egg beaters  ww,387727,25,5,"['canola oil', 'scallion', 'ginger', 'cumin', 'salt', 'cayenne pepper', 'egg substitute', 'tomato', 'ground cilantro']",94.7,3.0,17.0,15.0,24.0,1.0,2.0,-
370,artichoke and olive marinara sauce,63186,40,4,"['garlic', 'durkee onion', 'pepperoncini pepper juice', 'oil', 'wine', 'tomato', 'artichoke heart', 'olive', 'leaf parsley']",166.1,16.0,22.0,7.0,6.0,7.0,5.0,['italian']
371,greek chicken with tomato feta cheese sauce,146879,60,12,"['oil', 'durkee onion', 'garlic', 'oregano', 'leaf basil', 'pepper flake', 'chicken thigh', 'pepper', 'tomato', 'wine', 'feta cheese', 'olive']",444.5,47.0,29.0,38.0,46.0,55.0,4.0,['greek']
372,mediterranean marinara sauce,56402,45,7,"['garlic', 'durkee onion', 'pepperoncini pepper juice', 'oil', 'wine', 'tomato', 'tomato paste', 'artichoke heart', 'olive', 'leaf parsley']",257.2,24.0,34.0,13.0,11.0,11.0,8.0,['italian']
373,shrimp with feta cheese  greek,308229,30,7,"['durkee onion', 'garlic', 'oil', 'wine', 'leaf basil', 'oregano', 'salt', 'pepper', 'tomato', 'shrimp', 'lemon juice concentrate', 'feta cheese', 'leaf parsley']",330.7,24.0,31.0,26.0,55.0,20.0,5.0,['greek']
374,tomato basil pasta sauce,525169,40,8,"['oil', 'durkee onion', 'garlic', 'wine', 'tomato', 'leaf basil', 'oregano', 'salt', 'pepper']",80.7,4.0,2.0,39.0,5.0,1.0,4.0,['italian']
375,bananas foster,18219,30,5,"['banana', 'butter', 'sugar', 'cinnamon', 'banana liqueur', 'rum', 'ice cream']",520.4,24.0,300.0,2.0,5.0,49.0,29.0,-
376,celtic homemade hot buttered rum,342337,65,9,"['butter', 'sugar', 'sugar', 'nutmeg', 'cinnamon', 'ice cream', 'rum', 'water']",368.2,27.0,109.0,6.0,1.0,56.0,9.0,-
377,double dare peaches,481153,30,8,"['butter', 'habanero pepper', 'peach', 'sugar', 'cinnamon', 'ice cream', 'peanut brittle']",414.0,31.0,191.0,6.0,12.0,63.0,17.0,-
378,easy peach cobbler crisp,232617,45,8,"['peach', 'purpose flour', 'sugar', 'sugar', 'salt', 'nutmeg', 'cinnamon', 'butter', 'ice cream']",529.2,36.0,206.0,9.0,9.0,73.0,25.0,-
379,very rich hot buttered rum,13267,11,3,"['butter', 'sugar', 'sugar', 'cinnamon', 'nutmeg', 'ice cream', 'rum', 'water']",265.3,21.0,132.0,5.0,1.0,44.0,11.0,-
380,angry edamame,491686,30,7,"['edamame', 'garlic', 'ginger', 'sesame oil', 'chili sauce', 'honey', 'sodium soy sauce', 'water']",413.4,31.0,71.0,38.0,46.0,13.0,13.0,-
381,oven barbecued asian chicken,491452,80,14,"['scallion', 'hoisin sauce', 'sodium soy sauce', 'ginger', 'garlic', 'chili sauce', 'spice powder', 'honey', 'chicken thigh', 'chicken drumstick', 'sesame seed']",382.0,34.0,22.0,22.0,64.0,29.0,4.0,-
382,sesame ginger turkey patties,455540,40,4,"['sodium soy sauce', 'sesame oil', 'scallion', 'garlic', 'ginger', 'turkey breast']",184.6,15.0,0.0,11.0,45.0,12.0,0.0,-
383,sesame glazed shrimp with snow peas and baby corn,225119,40,14,"['hoisin sauce', 'sodium soy sauce', 'sherry', 'honey', 'cornstarch', 'sesame oil', 'shrimp', 'ginger', 'garlic', 'scallion', 'snow pea', 'baby corn', 'sesame seed']",390.1,13.0,45.0,29.0,79.0,6.0,10.0,-
384,southeast asian peanut noodles,223667,25,12,"['wheat spaghetti', 'sodium soy sauce', 'water', 'honey', 'peanut butter', 'chili sauce', 'sesame oil', 'garlic', 'ginger', 'snow pea', 'tofu', 'ground cilantro', 'peanut butter', 'wedge']",481.6,22.0,41.0,46.0,40.0,12.0,25.0,-
385,double tomato bruschetta,506802,22,49,"['tomato', 'garlic', 'oil', 'vinegar', 'leaf basil', 'salt', 'pepper', 'baguette', 'mozzarella cheese']",138.2,13.0,16.0,15.0,12.0,15.0,3.0,"['australian', 'italian']"
386,eggplant  aubergine   with garlic cream sauce,101914,120,46,"['eggplant', 'oil', 'durkee onion', 'tomato', 'leaf basil', 'thyme sprigs', 'oregano', 'leaf', 'pepper', 'garlic', 'water', 'butter', 'wheat flour', 'milk', 'egg', 'parmesan cheese']",367.3,27.0,50.0,11.0,29.0,47.0,14.0,['greek']
387,my mom s favorite eggplant parm,507876,130,40,"['eggplant', 'marzano tomato', 'tomato', 'durkee onion', 'garlic', 'leaf basil', 'mozzarella ball', 'parmesan cheese', 'oil', 'purpose flour', 'salt', 'sugar']",489.5,69.0,25.0,23.0,22.0,46.0,4.0,['italian']
388,tomato  basil  and cheese baked pasta rachael ray,218872,30,36,"['shell pasta', 'garlic', 'olive oil', 'durkee onion', 'tomato', 'leaf basil', 'pepper', 'basil pesto', 'ricotta cheese', 'parmesan cheese', 'mozzarella cheese']",602.4,34.0,23.0,17.0,58.0,53.0,24.0,-
389,zucchini lasagna with walnuts,235496,75,35,"['zucchini', 'oil', 'baby carrot', 'durkee onion', 'garlic', 'pizza sauce', 'leaf basil', 'pepper', 'mozzarella cheese', 'parmesan cheese', 'lasagna noodle', 'walnut']",316.4,31.0,49.0,30.0,28.0,32.0,7.0,-
390,cheesy chicken alfredo casserole,206759,40,7,"['chicken strip', 'sauce', 'mozzarella cheese', 'egg noodle', 'salt', 'pepper', 'garlic']",200.6,7.0,0.0,4.0,72.0,8.0,0.0,-
391,chevapchici  grounded meat bbq sticks,300798,145,8,"['ground beef', 'garlic', 'salt', 'pepper', 'water']",542.4,57.0,0.0,79.0,93.0,73.0,0.0,-
392,garlic and onion burgers,181338,140,4,"['ground beef', 'sauce', 'garlic', 'durkee onion', 'salt', 'pepper', 'steak seasoning']",402.3,41.0,4.0,25.0,68.0,53.0,1.0,-
393,stuffed cabbage casserole in the crock pot,281629,250,6,"['ground beef', 'durkee onion', 'coleslaw mix', 'pepper', 'grain rice', 'water', 'beef bouillon cube', 'tomato paste', 'tomato', 'sauce', 'salt', 'pepper', 'garlic']",285.5,18.0,33.0,43.0,36.0,23.0,8.0,-
394,you can bet the farm     hamburgers from longmeadow farm,267986,20,4,"['ground beef', 'sauce', 'garlic', 'pepper', 'salt', 'butter']",206.2,23.0,4.0,14.0,28.0,34.0,0.0,-
395,brenda s best blueberry yogurt pound cake,54054,85,12,"['butter', 'sugar', 'egg', 'wheat flour', 'baking soda', 'salt', 'blueberry', 'yogurt', 'juice', 'rind', 'sugar']",387.2,27.0,108.0,16.0,11.0,52.0,17.0,-
396,martha s blue ribbon sugar cookies   christmas,344383,128,19,"['butter', 'sugar', 'egg', 'wheat flour', 'baking powder', 'salt', 'rind']",110.4,6.0,33.0,3.0,3.0,12.0,5.0,-
397,orange biscotti,44504,40,14,"['wheat flour', 'sugar', 'salt', 'baking powder', 'butter', 'egg', 'zest', 'sugar', 'juice']",110.5,6.0,32.0,3.0,3.0,12.0,5.0,-
398,orange buns,47076,50,13,"['wheat flour', 'sugar', 'baking powder', 'salt', 'butter', 'egg', 'juice', 'rind']",397.9,21.0,102.0,30.0,13.0,40.0,20.0,-
399,wild blueberry cake,95737,85,19,"['butter', 'sugar', 'egg', 'rind', 'lemon rind', 'lemon rind', 'wheat flour', 'baking powder', 'salt', 'juice', 'blueberry']",406.7,26.0,125.0,8.0,11.0,51.0,19.0,-
400,crisp roast duck,250556,145,15,"['duck', 'water', 'salt', 'pepper']",2294.1,343.0,0.0,87.0,130.0,375.0,0.0,-
401,golden roasted duckling,396758,160,11,"['duck', 'pepper', 'durkee onion', 'celery seed']",1848.5,274.0,6.0,12.0,105.0,300.0,1.0,-
402,honey and chili roasted duck,213564,135,22,"['wine', 'honey', 'lemon juice concentrate', 'mustard', 'chili paste', 'duck', 'salt', 'pepper', 'celery seed', 'durkee onion', 'baby carrot', 'juice', 'cornstarch']",2055.9,275.0,157.0,39.0,106.0,300.0,15.0,-
403,my favorite rouladen,425677,90,16,"['durkee onion', 'celery seed', 'bread', 'egg', 'salt', 'pepper', 'thyme sprigs', 'sirloin steak', 'wheat flour', 'pepper', 'oil', 'beef', 'leave']",2160.9,280.0,24.0,56.0,67.0,349.0,31.0,-
404,roast duck with port garlic sauce,196215,205,30,"['duck', 'durkee onion', 'baby carrot', 'celery seed', 'water', 'butter', 'garlic', 'ruby port', 'purpose flour', 'soy sauce', 'mustard', 'salt', 'pepper', 'thyme sprigs']",2500.2,353.0,29.0,103.0,139.0,393.0,6.0,-
405,iola s sugar cookies,386834,135,23,"['purpose flour', 'baking powder', 'baking soda', 'salt', 'butter', 'sugar', 'egg', 'vanilla extract', 'buttermilk']",120.5,6.0,26.0,4.0,4.0,12.0,6.0,-
406,orange pound cake with orange caramel sauce,14243,70,24,"['purpose flour', 'salt', 'baking powder', 'baking soda', 'orange', 'sugar', 'buttermilk', 'vanilla extract', 'butter', 'egg', 'egg white', 'water']",192.1,6.0,91.0,7.0,6.0,13.0,11.0,-
407,recipe  homemade buttermilk pancakes,517594,30,17,"['purpose flour', 'baking powder', 'baking soda', 'sugar', 'salt', 'buttermilk', 'butter', 'egg', 'vanilla extract']",101.0,3.0,15.0,16.0,6.0,6.0,5.0,-
408,scones   tea biscuits  canadian living,369162,30,20,"['purpose flour', 'sugar', 'baking powder', 'baking soda', 'salt', 'butter', 'buttermilk', 'egg']",175.9,13.0,12.0,13.0,7.0,25.0,7.0,-
409,the best almond biscotti,194901,80,20,"['purpose flour', 'almond', 'sugar', 'egg', 'baking powder', 'butter', 'salt', 'vanilla extract']",180.0,10.0,44.0,4.0,8.0,12.0,8.0,-
410,german pancake,411734,25,7,"['egg', 'milk', 'wheat flour', 'sugar', 'salt', 'butter', 'sugar']",383.2,23.0,75.0,19.0,29.0,37.0,15.0,-
411,grandparents swedish pancakes,209106,25,9,"['wheat flour', 'sugar', 'salt', 'egg', 'milk', 'butter', 'lingonberry', 'lingonberry butter', 'cloudberry', 'gooseberry']",195.7,11.0,19.0,9.0,13.0,19.0,8.0,-
412,our favourite belgian waffles,170296,40,5,"['milk', 'egg', 'butter', 'sugar', 'wheat flour', 'salt']",204.1,16.0,24.0,4.0,9.0,30.0,7.0,-
413,souffled crepes,108220,44,8,"['egg', 'milk', 'wheat flour', 'sugar', 'salt', 'butter']",109.3,7.0,1.0,5.0,9.0,12.0,3.0,-
414,thin pancakes  palacsinta,126223,15,8,"['egg', 'milk', 'butter', 'sugar', 'salt', 'wheat flour']",60.2,4.0,1.0,5.0,5.0,7.0,1.0,-
415,barbecued country ribs,85832,130,5,"['country rib', 'salt', 'pepper', 'chili sauce', 'water', 'vinegar', 'sugar', 'durkee onion', 'mustard', 'sauce']",233.8,19.0,37.0,35.0,25.0,23.0,4.0,-
416,bbq spoon burgers  crock pot,104164,375,5,"['ground beef', 'durkee onion', 'pepper', 'garlic', 'sauce', 'mustard', 'salt', 'paprika', 'pepper', 'tomato paste', 'water', 'vinegar', 'sugar']",287.8,26.0,24.0,29.0,45.0,33.0,3.0,-
417,black gold balsamic barbecue sauce,308656,20,2,"['vinegar', 'ketchup', 'sugar', 'garlic', 'sauce', 'mustard', 'salt', 'pepper']",299.6,11.0,158.0,123.0,18.0,2.0,17.0,-
418,everyday italian balsamic bbq sauce,233787,30,2,"['vinegar', 'ketchup', 'sugar', 'garlic', 'sauce', 'mustard', 'salt', 'pepper']",119.8,0.0,113.0,36.0,2.0,0.0,10.0,-
419,roast garlic balsamic vinaigrette,210116,35,6,"['vinegar', 'garlic', 'salt', 'pepper', 'mustard', 'sugar']",104.4,0.0,100.0,51.0,0.0,0.0,8.0,-
420,lemon   herb crusted cod,220868,30,9,"['halibut fillet', 'salt', 'pepper', 'lemon', 'leaf parsley', 'wine', 'oil', 'breadcrumb']",272.9,13.0,3.0,26.0,65.0,6.0,4.0,-
421,pasta salad with tuna  pine nuts  and red peppers,44319,30,12,"['oil', 'pine nut', 'garlic', 'tomato', 'water', 'pepper', 'olive', 'wine vinegar', 'salt', 'pepper', 'fettuccine', 'leaf parsley']",553.9,41.0,10.0,38.0,41.0,18.0,19.0,-
422,shrimp with tomatoes  olives and basil,377038,20,9,"['oil', 'shrimp', 'salt', 'tomato', 'wine', 'olive', 'leaf parsley', 'leaf basil']",280.0,11.0,12.0,82.0,80.0,4.0,2.0,-
423,spicy neapolitan fish,64785,23,11,"['oil', 'tilapia fillet', 'leaf parsley', 'leaf basil', 'pepper', 'tomato', 'olive', 'garlic', 'pepper', 'wine', 'caper', 'artichoke heart']",419.1,32.0,16.0,17.0,95.0,18.0,3.0,-
424,swift swordfish,279063,20,9,"['oil', 'swordfish', 'wine', 'tomato', 'champignon mushroom', 'olive', 'leaf basil', 'salt', 'pepper', 'leaf parsley']",452.2,36.0,25.0,76.0,73.0,20.0,4.0,-
425,pico de gallo  kid friendly,159078,20,22,"['tomato', 'durkee onion', 'ground cilantro', 'jalapeno pepper', 'garlic', 'lime juice concentrate', 'salt']",58.7,0.0,30.0,9.0,5.0,0.0,4.0,['mexican']
426,rock   roll bbq salsa loco  similar to baja fresh,212071,70,25,"['tomato', 'jalapeno pepper', 'garlic', 'durkee onion', 'salt', 'lime juice concentrate', 'oil', 'ground cilantro']",57.1,5.0,12.0,9.0,2.0,2.0,2.0,['mexican']
427,steve s wonderful and relatively uncomplicated pico de gallo,159553,45,26,"['tomato', 'durkee onion', 'ground cilantro', 'jalapeno pepper', 'bell pepper', 'lime juice concentrate', 'juice', 'sugar', 'jalapeno juice', 'salt']",44.0,0.0,25.0,4.0,3.0,0.0,3.0,['mexican']
428,tomato salsa,449261,210,21,"['tomato', 'bell pepper', 'jalapeno pepper', 'durkee onion', 'vinegar', 'tomato paste', 'garlic', 'cumin', 'salt', 'pepper']",189.7,2.0,96.0,65.0,16.0,1.0,13.0,['american']
429,roasted corn salsa,237603,55,29,"['corn', 'durkee onion', 'tomato', 'jalapeno pepper', 'ground cilantro', 'oil', 'lime juice concentrate', 'cumin', 'salt', 'pepper']",176.6,8.0,47.0,4.0,11.0,4.0,10.0,-
430,pasta with hot tomato   bacon sauce,20083,40,14,"['bacon', 'oil', 'durkee onion', 'garlic', 'tomato', 'leaf basil', 'sugar', 'salt', 'pepper flake', 'leaf parsley', 'penne pasta', 'parmesan cheese']",741.7,39.0,52.0,48.0,43.0,34.0,35.0,['italian']
431,canadian bacon and mozzarella penne,173283,40,12,"['mozzarella cheese', 'garlic', 'oil', 'salt', 'pepper flake', 'leaf parsley', 'durkee onion', 'tomato', 'water', 'penne pasta', 'bacon']",782.9,42.0,5.0,72.0,69.0,51.0,34.0,-
432,pasta with turkey sausage  tomatoes   mozzarella,93976,45,11,"['sausage', 'oil', 'garlic', 'durkee onion', 'juice', 'pepper flake', 'penne pasta', 'mozzarella cheese', 'leaf parsley', 'parmesan cheese']",453.8,22.0,11.0,12.0,38.0,30.0,20.0,-
433,spicy pasta with tomato   bacon sauce,146613,45,11,"['bacon', 'oil', 'durkee onion', 'garlic', 'tomato', 'sugar', 'salt', 'pepper flake', 'leaf parsley', 'penne pasta']",1145.8,98.0,75.0,52.0,65.0,94.0,37.0,-
434,tuscan beans,97230,80,10,"['pancetta', 'oil', 'durkee onion', 'garlic', 'bean', 'juice', 'sage', 'salt', 'pepper', 'vinegar', 'leaf parsley', 'parmesan cheese']",210.5,2.0,30.0,38.0,24.0,1.0,12.0,-
435,caramelized onion stuffed pork loin with crispy onion topping,411485,75,18,"['pork loin chop', 'butter', 'durkee onion', 'garlic', 'sugar', 'sage', 'rosemary sprigs', 'salt', 'pepper', 'seasoning', 'oil']",946.2,100.0,18.0,25.0,152.0,119.0,3.0,-
436,marinated chicken with peppers and marjoram,119554,49,11,"['chicken breast', 'garlic', 'lemon juice concentrate', 'sugar', 'oil', 'marjoram leaves', 'durkee onion', 'salt', 'pepper', 'pepper', 'pepper', 'olive']",514.2,39.0,12.0,15.0,112.0,19.0,4.0,-
437,peking chicken   deep fried chicken legs,137330,265,23,"['chicken meat', 'salt', 'pepper', 'soy sauce', 'rice wine', 'durkee onion', 'sugar', 'ginger', 'oil', 'wheat flour', 'garlic']",2006.4,299.0,11.0,75.0,86.0,150.0,5.0,-
438,strip steak with rosemary red wine sauce,113031,45,18,"['strip steak', 'salt', 'pepper', 'oil', 'durkee onion', 'rosemary leave', 'garlic', 'wine', 'beef broth', 'sugar']",1043.5,115.0,6.0,33.0,129.0,135.0,2.0,-
439,sweet glazed butterflied chicken,458652,65,19,"['chicken meat', 'salt', 'pepper', 'oil', 'butter', 'durkee onion', 'garlic', 'sugar', 'stone ground mustard', 'sauce', 'cider vinegar']",1474.3,165.0,54.0,21.0,211.0,158.0,4.0,-
440,daddy s delicious baking powder drop biscuits,440933,20,8,"['wheat flour', 'baking powder', 'salt', 'butter', 'milk', 'sugar']",210.5,15.0,0.0,21.0,8.0,31.0,8.0,-
441,golden waffles,401784,30,9,"['wheat flour', 'baking powder', 'salt', 'sugar', 'jumbo egg', 'milk', 'butter', 'egg white']",390.7,27.0,21.0,20.0,19.0,54.0,15.0,-
442,lemon bread,108792,50,8,"['wheat flour', 'baking powder', 'lemon', 'sugar', 'butter', 'egg white', 'milk', 'salt']",185.0,12.0,50.0,8.0,6.0,24.0,8.0,-
443,mandi s homemade biscuits,271331,23,7,"['wheat flour', 'baking powder', 'salt', 'sugar', 'butter', 'milk']",198.2,13.0,6.0,20.0,7.0,26.0,8.0,-
444,swedish scones,384786,30,3,"['wheat flour', 'baking powder', 'sugar', 'salt', 'butter', 'milk']",244.3,19.0,8.0,14.0,8.0,40.0,9.0,-
445,citrus spice caribbean cuban marinade for pork  beef  chicken,299287,10,4,"['oil', 'juice', 'lime juice concentrate', 'garlic', 'durkee onion', 'pepper', 'cumin', 'salt', 'ground ginger', 'nutmeg', 'cinnamon', 'clove', 'chili powder']",145.5,21.0,7.0,24.0,1.0,10.0,1.0,['caribbean']
446,jamaican jerk dry rub,10710,5,2,"['allspice', 'thyme sprigs', 'sugar', 'cinnamon', 'paprika', 'nutmeg', 'ground ginger', 'cayenne pepper', 'thyme', 'habanero pepper', 'salt', 'pepper']",136.7,5.0,61.0,145.0,4.0,8.0,9.0,['caribbean']
447,jamaican wet jerk rub,265056,5,4,"['durkee onion', 'habanero pepper', 'peanut butter', 'garlic', 'sugar', 'paprika', 'thyme sprigs', 'leaf basil', 'ground ginger', 'coriander sprig', 'chili powder', 'allspice', 'cinnamon', 'clove', 'cumin', 'nutmeg', 'pepper flake', 'pepper', 'salt', 'lime juice concentrate']",76.8,2.0,54.0,6.0,0.0,1.0,5.0,['caribbean']
448,jerk marinade,66422,20,2,"['durkee onion', 'garlic', 'durkee onion', 'habanero pepper', 'lime juice concentrate', 'soy sauce', 'oil', 'salt', 'sugar', 'thyme sprigs', 'allspice', 'nutmeg', 'cinnamon']",100.6,10.0,19.0,86.0,3.0,5.0,3.0,['caribbean']
449,dry jerk rub,354208,10,5,"['salt', 'sugar', 'garlic', 'onion powder', 'allspice', 'pepper', 'chive', 'paprika', 'pepper', 'nutmeg', 'ground ginger', 'thyme sprigs', 'cinnamon', 'clove']",20.1,0.0,8.0,97.0,0.0,0.0,1.0,-
450,grilled strawberries,123265,4,5,"['strawberry', 'vinegar', 'sugar']",27.2,0.0,22.0,0.0,0.0,0.0,2.0,-
451,skinny strawberry balsamic delight,499440,5,4,"['strawberry', 'vinegar', 'sugar']",124.1,0.0,98.0,0.0,2.0,0.0,10.0,-
452,strawberries with balsamic,26405,30,3,"['strawberry', 'sugar', 'vinegar']",89.7,0.0,70.0,0.0,2.0,0.0,7.0,-
453,strawberries with balsamic vinegar and pepper,115136,10,4,"['strawberry', 'vinegar', 'pepper', 'sugar']",51.0,0.0,31.0,0.0,1.0,0.0,3.0,-
454,strawberry balsamic salad,122033,20,4,"['strawberry', 'vinegar', 'pepper']",46.1,0.0,26.0,0.0,1.0,0.0,3.0,-
455,chocolate buttercream,134704,40,6,"['butter', 'milk', 'semisweet chocolate', 'vanilla extract', 'sugar']",2400.8,316.0,534.0,2.0,36.0,645.0,57.0,-
456,clarified butter  slow cooker,466111,105,4,"['butter', 'cheesecloth']",2170.1,377.0,0.0,1.0,5.0,777.0,0.0,-
457,heavenly chocolate ganache,342961,10,2,"['semisweet chocolate', 'cream']",1546.8,250.0,8.0,4.0,63.0,503.0,23.0,-
458,kittencal s method for clarified butter,120825,10,6,"['butter', 'butter']",2170.1,377.0,0.0,45.0,5.0,777.0,0.0,-
459,very shiny chocolate glaze,128461,30,4,"['chocolate', 'whipping cream', 'butter']",2445.0,399.0,11.0,13.0,83.0,805.0,30.0,-
460,caramel coffee syrup,312986,22,8,"['sugar', 'water', 'vanilla', 'salt']",98.3,0.0,100.0,0.0,0.0,0.0,8.0,-
461,delicious dessert grits,275553,5,5,"['water', 'cooking grit', 'salt', 'butter', 'sugar']",468.0,27.0,212.0,12.0,5.0,54.0,25.0,-
462,homemade pancake syrup,358622,15,7,"['sugar', 'sugar', 'water', 'vanilla', 'salt']",161.6,0.0,165.0,1.0,0.0,0.0,13.0,-
463,mom s hot fudge sauce,318098,25,3,"['cocoa', 'water', 'sugar', 'salt', 'butter', 'vanilla']",272.0,19.0,128.0,5.0,11.0,38.0,16.0,-
464,southern pecan fondant,109542,55,7,"['sugar', 'water', 'butter', 'vanilla', 'salt', 'pistachio']",404.4,27.0,243.0,1.0,4.0,14.0,21.0,-
465,back of the box meatloaf,335004,50,2,"['garlic mushroom soup mix', 'water', 'ground beef', 'breadcrumb', 'egg', 'ketchup']",428.1,41.0,15.0,14.0,68.0,52.0,3.0,['american']
466,burger mushroom bake,190672,45,9,"['mushroom soup', 'ground beef', 'breadcrumb', 'egg', 'durkee onion', 'water']",662.9,61.0,17.0,48.0,99.0,77.0,7.0,['american']
467,mamaw franklin s barbecued meatloaf,49809,105,6,"['ground beef', 'breadcrumb', 'milk', 'pepper', 'durkee onion', 'salt', 'pepper', 'sauce', 'vinegar', 'sugar', 'ketchup', 'water']",391.6,29.0,62.0,53.0,50.0,38.0,9.0,['american']
468,many way meatballs,127264,40,5,"['ground beef', 'breadcrumb', 'durkee onion', 'egg', 'mushroom soup', 'water', 'leaf parsley']",314.3,26.0,8.0,26.0,53.0,30.0,3.0,['american']
469,ramen beef casserole,152921,50,9,"['ramen noodle', 'cream', 'mushroom soup', 'water', 'milk', 'durkee onion', 'durkee onion', 'ground beef']",540.9,44.0,12.0,80.0,46.0,59.0,15.0,['american']
470,abm italian breadsticks  grissini,155405,160,14,"['water', 'oil', 'wheat bread flour', 'salt', 'yeast', 'seed', 'sea salt']",70.2,2.0,0.0,5.0,3.0,1.0,3.0,['italian']
471,easy italian bread,244474,190,14,"['water', 'sugar', 'salt', 'oil', 'wheat bread flour', 'yeast']",139.1,4.0,3.0,8.0,7.0,1.0,8.0,['italian']
472,marielisa s pizza dough,190873,180,22,"['water', 'yeast', 'salt', 'oil', 'wheat bread flour']",172.5,4.0,0.0,24.0,8.0,1.0,10.0,['italian']
473,pizza dough and bonus focaccia bread,72270,80,17,"['water', 'yeast', 'sugar', 'wheat bread flour', 'salt', 'oil']",138.8,4.0,1.0,6.0,6.0,2.0,8.0,['italian']
474,quick and easy pizza crust,443456,30,13,"['yeast', 'sugar', 'water', 'wheat bread flour', 'oil', 'salt']",176.9,5.0,2.0,12.0,8.0,2.0,10.0,['italian']
475,pina colada cake,49119,70,8,"['butter recipe cake mix', 'orange', 'coconut', 'vegetable oil', 'egg', 'whip', 'pineapple chunk', 'vanilla pudding']",742.6,63.0,248.0,27.0,15.0,95.0,29.0,['caribbean']
476,ambrosia cake,83959,55,10,"['chocolate cake mix', 'vegetable oil', 'orange', 'egg', 'pineapple chunk', 'chocolate pudding mix', 'whip']",538.9,38.0,221.0,25.0,11.0,39.0,25.0,-
477,pig picking cake,399560,40,6,"['chocolate cake mix', 'egg', 'vegetable oil', 'orange', 'chocolate pudding mix', 'whip', 'pineapple chunk']",498.5,38.0,181.0,20.0,11.0,39.0,21.0,-
478,spring fling cake,320271,50,12,"['pudding', 'egg', 'oil', 'vanilla', 'orange', 'whip', 'pineapple chunk', 'chocolate pudding mix']",268.6,20.0,97.0,12.0,5.0,23.0,11.0,-
479,tropical cake,55370,50,6,"['pudding', 'vegetable oil', 'orange', 'egg', 'whip', 'coconut', 'vanilla pudding', 'pineapple chunk']",700.1,64.0,227.0,22.0,11.0,80.0,25.0,-
480,brown sugar bran muffins,163509,35,12,"['bran cereal', 'wheat germ', 'flax seed', 'milk', 'egg', 'oil', 'vanilla', 'wheat flour', 'sugar', 'sugar', 'baking powder', 'salt', 'cinnamon']",193.4,9.0,61.0,9.0,7.0,6.0,10.0,-
481,easy waffles,423152,15,10,"['wheat flour', 'baking powder', 'salt', 'sugar', 'vanilla', 'milk', 'oil', 'egg']",429.4,36.0,13.0,21.0,19.0,25.0,14.0,-
482,pollard s perfect pancakes,204923,8,8,"['wheat flour', 'baking powder', 'salt', 'sugar', 'egg', 'milk', 'oil', 'vanilla']",526.8,34.0,58.0,38.0,26.0,27.0,22.0,-
483,simple vanilla muffins,297874,17,6,"['egg', 'milk', 'oil', 'vanilla', 'baking powder', 'salt', 'sugar', 'wheat flour']",173.6,11.0,23.0,8.0,6.0,7.0,7.0,-
484,the best healthy waffles  low fat,446802,30,9,"['wheat flour', 'sugar', 'baking powder', 'salt', 'cinnamon', 'egg', 'milk', 'vanilla']",184.9,4.0,32.0,15.0,16.0,5.0,10.0,-
485,a simple harissa,424892,15,7,"['tomato', 'durkee onion', 'leaf parsley', 'paprika', 'olive oil', 'lemon juice concentrate', 'pepper']",59.8,7.0,9.0,0.0,1.0,3.0,1.0,-
486,braised green beans with tomatoes,263711,80,5,"['olive oil', 'durkee onion', 'celery seed', 'baby carrot', 'bean', 'tomato', 'salt', 'pepper', 'leaf parsley']",64.2,4.0,18.0,10.0,4.0,2.0,3.0,-
487,tomato and garbanzo salad,260745,30,13,"['garbanzo bean', 'vinegar', 'tomato', 'durkee onion', 'bell pepper', 'leaf parsley', 'salt', 'pepper', 'olive oil', 'lemon juice concentrate']",275.6,18.0,23.0,38.0,15.0,8.0,12.0,-
488,tuna and white bean wraps,251930,20,10,"['lemon juice concentrate', 'durkee onion', 'salt', 'pepper', 'oil', 'bean', 'olive oil', 'tomato', 'leaf parsley', 'tomato tortilla', 'carrot stick', 'cucumber']",519.1,22.0,6.0,24.0,98.0,11.0,15.0,-
489,white bean and roasted vegetable spread,109670,35,9,"['pepper', 'durkee onion', 'garlic', 'bean', 'leaf parsley', 'lemon juice concentrate', 'salt', 'pepper']",347.4,1.0,24.0,25.0,44.0,1.0,21.0,-
490,coffee can campfire bread,385797,70,11,"['bread dough', 'butter']",127.3,22.0,0.0,5.0,0.0,45.0,0.0,-
491,quick chicken cordon bleu,174178,25,13,"['chicken breast halve', 'deli ham', 'cheese', 'butter', 'chicken coating mix']",387.7,30.0,0.0,24.0,95.0,55.0,0.0,-
492,rim tim ditees,140381,5,6,"['chicken gumbo soup', 'cheese', 'butter']",68.0,5.0,23.0,17.0,2.0,10.0,3.0,-
493,the sleeping pickle sandwich,154605,13,6,"['bread', 'deli ham', 'butter pickle', 'cheese', 'butter']",188.4,13.0,8.0,48.0,21.0,21.0,5.0,-
494,veronica s stuffed mushrooms,38031,40,9,"['mushroom cap', 'butter', 'cheese', 'sausage']",87.9,11.0,6.0,2.0,6.0,23.0,1.0,-
495,caramel pancake syrup,146591,8,4,"['butter', 'sugar', 'water']",1243.3,70.0,853.0,19.0,1.0,145.0,71.0,-
496,graham cracker crust,116887,10,4,"['cracker crumb', 'butter', 'sugar']",1040.6,83.0,388.0,34.0,12.0,152.0,45.0,-
497,milky way frosting,70876,10,4,"['butter', 'way bar', 'vanilla extract', 'sugar']",1141.8,81.0,618.0,20.0,9.0,154.0,55.0,-
498,penuche frosting,198562,15,7,"['butter', 'sugar', 'milk', 'sugar']",1311.2,72.0,896.0,18.0,3.0,149.0,76.0,-
499,roasted apple marmalade,425722,50,9,"['butter', 'sugar', 'vanilla pod', 'gala apple']",1011.9,94.0,426.0,22.0,4.0,192.0,41.0,-
